beta,outlierRatio,repeat,seed,Ncorr,Ns,trueTLS,bestASBS_TLS,bestRandom_TLS,bestASBS_rotErrDeg,bestRandom_rotErrDeg,medianSample_rotErrDeg,fracSamplesBelow5Deg,fracSamplesBelow10Deg,activeCount,trueInliersActive,trueOutliersClipped,lossUFinal,lossHFinal,bestTrainFinal,bestTrainOverall
0.25,0.25,1,126125,1000,500,3335.47365198078,3399.69948058873,5751.18816807311,2.05414790143418,15.9510496620106,15.4373554857395,0.034,0.2,748,741,243,5470545.5,11.8071575164795,3345.9042319466,3335.12186102075
0.25,0.25,1,126125,1000,1000,3335.47365198078,3348.95232337136,4734.09878122106,0.803817339502641,10.9211408600144,15.3805640818048,0.035,0.206,752,743,241,5470545.5,11.8071575164795,3345.9042319466,3335.12186102075
0.25,0.25,1,126125,1000,2500,3335.47365198078,3348.95232337136,4425.62576379894,0.803817339502641,9.46249634203465,15.4968371596157,0.0332,0.1964,752,743,241,5470545.5,11.8071575164795,3345.9042319466,3335.12186102075
0.25,0.25,1,126125,1000,5000,3335.47365198078,3348.95232337136,3893.75466206654,0.803817339502641,6.61891789928232,15.3436015989851,0.0312,0.1952,752,743,241,5470545.5,11.8071575164795,3345.9042319466,3335.12186102075
0.25,0.25,1,126125,1000,10000,3335.47365198078,3338.84518610759,3893.75466206654,0.702337891125068,6.61891789928232,15.399148173776,0.0319,0.1996,748,739,241,5470545.5,11.8071575164795,3345.9042319466,3335.12186102075
0.5,0.25,1,126150,1000,500,3483.0062182099,3543.886812932,6608.96630406356,2.23744456812708,20.17474904633,15.1914062645488,0.04,0.226,733,725,242,19981006,11.7076349258423,3521.9500772271,3482.08712579774
0.5,0.25,1,126150,1000,1000,3483.0062182099,3537.87211304556,6373.99173644832,1.85441578807813,18.9723099683136,15.1293493777761,0.034,0.217,735,727,242,19981006,11.7076349258423,3521.9500772271,3482.08712579774
0.5,0.25,1,126150,1000,2500,3483.0062182099,3504.92718505153,5251.9709360401,1.41361298148342,12.9716015303233,15.538665844049,0.0292,0.198,734,726,242,19981006,11.7076349258423,3521.9500772271,3482.08712579774
0.5,0.25,1,126150,1000,5000,3483.0062182099,3481.37813121087,5001.53604765604,0.278338402679191,11.6690410428444,15.4399203495898,0.0312,0.1968,737,729,242,19981006,11.7076349258423,3521.9500772271,3482.08712579774
0.5,0.25,1,126150,1000,10000,3483.0062182099,3481.37813121087,4542.30307355203,0.278338402679191,9.28214514549598,15.4111300947004,0.031,0.2003,737,729,242,19981006,11.7076349258423,3521.9500772271,3482.08712579774
1,0.25,1,126200,1000,500,3413.3138402606,3431.62820153852,3944.39409520824,1.06760667708811,6.31508308007349,15.5193173849011,0.032,0.216,739,736,247,83934144,11.9042510986328,3443.89164262182,3413.04511350824
1,0.25,1,126200,1000,1000,3413.3138402606,3418.88363509961,3944.39409520824,0.670290154949316,6.31508308007349,15.3295974548757,0.037,0.209,741,739,248,83934144,11.9042510986328,3443.89164262182,3413.04511350824
1,0.25,1,126200,1000,2500,3413.3138402606,3418.88363509961,3944.39409520824,0.670290154949316,6.31508308007349,15.4847489691461,0.036,0.2032,741,739,248,83934144,11.9042510986328,3443.89164262182,3413.04511350824
1,0.25,1,126200,1000,5000,3413.3138402606,3418.88363509961,3944.39409520824,0.670290154949316,6.31508308007349,15.4415760166529,0.035,0.2048,741,739,248,83934144,11.9042510986328,3443.89164262182,3413.04511350824
1,0.25,1,126200,1000,10000,3413.3138402606,3418.88363509961,3944.39409520824,0.670290154949316,6.31508308007349,15.2117688400868,0.034,0.2078,741,739,248,83934144,11.9042510986328,3443.89164262182,3413.04511350824
2,0.25,1,126300,1000,500,3439.11406474969,3452.37415722315,7186.0931135261,1.15097152109397,28.0947717646145,15.6841724576181,0.024,0.17,734,730,246,323689920,11.8469924926758,3509.24209655093,3438.5700287207
2,0.25,1,126300,1000,1000,3439.11406474969,3452.37415722315,5414.40376054417,1.15097152109397,13.7404751241906,15.6601749654337,0.027,0.186,734,730,246,323689920,11.8469924926758,3509.24209655093,3438.5700287207
2,0.25,1,126300,1000,2500,3439.11406474969,3447.73696612012,5118.63868677419,0.841950290097527,12.0680454389971,15.347350714941,0.0288,0.1948,731,727,246,323689920,11.8469924926758,3509.24209655093,3438.5700287207
2,0.25,1,126300,1000,5000,3439.11406474969,3447.73696612012,4613.68512461281,0.841950290097527,10.1748303306823,15.4901788860135,0.03,0.1902,731,727,246,323689920,11.8469924926758,3509.24209655093,3438.5700287207
2,0.25,1,126300,1000,10000,3439.11406474969,3447.73696612012,4314.3633674264,0.841950290097527,8.44889456526952,15.3678735356207,0.0337,0.2004,731,727,246,323689920,11.8469924926758,3509.24209655093,3438.5700287207
4,0.25,1,126500,1000,500,3440.97253261402,3479.60203090302,4803.11751375362,1.55406173407793,10.6411737758338,15.0763143726488,0.032,0.208,734,730,246,1299085184,11.8669443130493,3450.96639079428,3439.91004024673
4,0.25,1,126500,1000,1000,3440.97253261402,3457.1431437291,4803.11751375362,1.3575460093455,10.6411737758338,15.1366440246321,0.028,0.209,734,730,246,1299085184,11.8669443130493,3450.96639079428,3439.91004024673
4,0.25,1,126500,1000,2500,3440.97253261402,3457.1431437291,4803.11751375362,1.3575460093455,10.6411737758338,15.0910495083765,0.0312,0.21,734,730,246,1299085184,11.8669443130493,3450.96639079428,3439.91004024673
4,0.25,1,126500,1000,5000,3440.97253261402,3457.1431437291,4342.12115117136,1.3575460093455,8.68000933808604,15.2152648076822,0.03,0.2072,734,730,246,1299085184,11.8669443130493,3450.96639079428,3439.91004024673
4,0.25,1,126500,1000,10000,3440.97253261402,3442.41865853437,3491.87632153839,0.737017962302087,2.12640554679658,15.1226841429418,0.0296,0.2103,737,733,246,1299085184,11.8669443130493,3450.96639079428,3439.91004024673
0.25,0.5,1,151125,1000,500,4819.56701653835,4853.63940765168,7127.81848810257,2.01222023343522,23.6726353209254,14.9569925734676,0.042,0.198,500,490,490,2285989.75,11.825366973877,4829.19609777806,4819.71845938233
0.25,0.5,1,151125,1000,1000,4819.56701653835,4853.63940765168,6430.2664931569,2.01222023343522,15.9680426612972,15.1651231041865,0.033,0.204,500,490,490,2285989.75,11.825366973877,4829.19609777806,4819.71845938233
0.25,0.5,1,151125,1000,2500,4819.56701653835,4853.63940765168,6430.2664931569,2.01222023343522,15.9680426612972,15.2746386587528,0.0336,0.202,500,490,490,2285989.75,11.825366973877,4829.19609777806,4819.71845938233
0.25,0.5,1,151125,1000,5000,4819.56701653835,4836.59887382515,5990.19822022266,1.28471175796989,12.6224951641444,15.3961021198765,0.0306,0.2012,500,493,493,2285989.75,11.825366973877,4829.19609777806,4819.71845938233
0.25,0.5,1,151125,1000,10000,4819.56701653835,4822.30461910185,5419.44021341686,0.708990377344878,8.41324419890742,15.4823675875889,0.03,0.2016,502,495,493,2285989.75,11.825366973877,4829.19609777806,4819.71845938233
0.5,0.5,1,151150,1000,500,4790.42756654679,4802.06135121746,5742.73735542869,1.08665354614278,10.6839824907552,15.93077927426,0.02,0.198,501,491,490,9811227,11.5680227279663,4794.32041594678,4790.71921134833
0.5,0.5,1,151150,1000,1000,4790.42756654679,4802.06135121746,5742.73735542869,1.08665354614278,10.6839824907552,15.6261570987408,0.022,0.202,501,491,490,9811227,11.5680227279663,4794.32041594678,4790.71921134833
0.5,0.5,1,151150,1000,2500,4790.42756654679,4802.06135121746,5742.73735542869,1.08665354614278,10.6839824907552,15.5704392105608,0.032,0.1976,501,491,490,9811227,11.5680227279663,4794.32041594678,4790.71921134833
0.5,0.5,1,151150,1000,5000,4790.42756654679,4802.06135121746,5742.73735542869,1.08665354614278,10.6839824907552,15.5476629303626,0.0334,0.1952,501,491,490,9811227,11.5680227279663,4794.32041594678,4790.71921134833
0.5,0.5,1,151150,1000,10000,4790.42756654679,4797.99448753417,5037.5399961769,1.08420616222074,5.42049188969644,15.6207310581587,0.0315,0.1923,501,490,489,9811227,11.5680227279663,4794.32041594678,4790.71921134833
1,0.5,1,151200,1000,500,4799.82848974691,4805.16132859124,7190.40291273991,0.588354099919455,23.2897630677601,15.176971479889,0.028,0.204,505,496,491,36483268,11.6276779174805,4836.02954422994,4799.8182850344
1,0.5,1,151200,1000,1000,4799.82848974691,4805.16132859124,6369.88480530805,0.588354099919455,15.2975161647175,15.4000490314445,0.03,0.193,505,496,491,36483268,11.6276779174805,4836.02954422994,4799.8182850344
1,0.5,1,151200,1000,2500,4799.82848974691,4805.16132859124,5753.35870041458,0.588354099919455,10.5185842868503,15.0515676952711,0.0356,0.1964,505,496,491,36483268,11.6276779174805,4836.02954422994,4799.8182850344
1,0.5,1,151200,1000,5000,4799.82848974691,4805.16132859124,5621.51710686589,0.588354099919455,10.199058064717,15.5272019566501,0.0376,0.195,505,496,491,36483268,11.6276779174805,4836.02954422994,4799.8182850344
1,0.5,1,151200,1000,10000,4799.82848974691,4801.42091381915,5193.14040475871,0.670572262205434,6.50614483173356,15.6978249467167,0.0359,0.1907,504,496,492,36483268,11.6276779174805,4836.02954422994,4799.8182850344
2,0.5,1,151300,1000,500,4906.81509244918,4933.72644150024,6085.47514454417,2.21321407104453,12.9889199527552,15.4093053944099,0.034,0.176,495,486,491,141385264,12.1949272155762,4943.97217775522,4905.88189079735
2,0.5,1,151300,1000,1000,4906.81509244918,4920.39628937204,5872.73046065681,1.6292639128583,11.3993472249662,15.4431451058803,0.04,0.195,498,488,490,141385264,12.1949272155762,4943.97217775522,4905.88189079735
2,0.5,1,151300,1000,2500,4906.81509244918,4909.42887344597,5872.73046065681,1.05762367828596,11.3993472249662,15.5236089649352,0.0384,0.2032,494,485,491,141385264,12.1949272155762,4943.97217775522,4905.88189079735
2,0.5,1,151300,1000,5000,4906.81509244918,4909.42887344597,5495.45335417813,1.05762367828596,8.34937926425781,15.4994695135885,0.0354,0.2016,494,485,491,141385264,12.1949272155762,4943.97217775522,4905.88189079735
2,0.5,1,151300,1000,10000,4906.81509244918,4909.42887344597,5145.8057597253,1.05762367828596,5.56703570611385,15.4881011445798,0.0328,0.2,494,485,491,141385264,12.1949272155762,4943.97217775522,4905.88189079735
4,0.5,1,151500,1000,500,4913.0463244278,4918.65065925957,5224.23050759009,2.34112507465179,7.16929002804191,15.2903823039445,0.04,0.232,500,487,487,559489792,11.7759656906128,4928.70209364393,4901.27814206018
4,0.5,1,151500,1000,1000,4913.0463244278,4918.65065925957,5224.23050759009,2.34112507465179,7.16929002804191,15.6188035706273,0.031,0.21,500,487,487,559489792,11.7759656906128,4928.70209364393,4901.27814206018
4,0.5,1,151500,1000,2500,4913.0463244278,4918.65065925957,5224.23050759009,2.34112507465179,7.16929002804191,15.7949503588272,0.0248,0.1964,500,487,487,559489792,11.7759656906128,4928.70209364393,4901.27814206018
4,0.5,1,151500,1000,5000,4913.0463244278,4913.93159240542,5224.23050759009,0.812212282058731,7.16929002804191,15.6044244538871,0.0252,0.1936,499,486,487,559489792,11.7759656906128,4928.70209364393,4901.27814206018
4,0.5,1,151500,1000,10000,4913.0463244278,4904.04234587547,5224.23050759009,1.51080293743669,7.16929002804191,15.6442654990391,0.0285,0.1938,500,486,486,559489792,11.7759656906128,4928.70209364393,4901.27814206018
0.25,0.75,1,176125,1000,500,6319.52199275057,6335.11816409983,7551.57093447501,1.72747204042686,30.6465459171396,16.3061284479034,0.024,0.174,258,247,739,537623.5625,11.8355598449707,6332.89050617958,6318.53872625968
0.25,0.75,1,176125,1000,1000,6319.52199275057,6335.11816409983,7480.90260230425,1.72747204042686,24.7441715846692,16.4189502995683,0.027,0.165,258,247,739,537623.5625,11.8355598449707,6332.89050617958,6318.53872625968
0.25,0.75,1,176125,1000,2500,6319.52199275057,6321.52557233102,6507.05148854598,1.0938133936941,6.19420318143987,16.1977304654701,0.0224,0.1656,259,246,737,537623.5625,11.8355598449707,6332.89050617958,6318.53872625968
0.25,0.75,1,176125,1000,5000,6319.52199275057,6318.39274558688,6507.05148854598,0.704402343591162,6.19420318143987,16.126251816637,0.0248,0.174,259,246,737,537623.5625,11.8355598449707,6332.89050617958,6318.53872625968
0.25,0.75,1,176125,1000,10000,6319.52199275057,6318.39274558688,6395.96861143105,0.704402343591162,4.39578244629944,16.0881209157509,0.0255,0.1715,259,246,737,537623.5625,11.8355598449707,6332.89050617958,6318.53872625968
0.5,0.75,1,176150,1000,500,6260.02575125707,6281.52052044446,7478.28720444341,2.04436895863179,25.0919524571746,15.6548490351532,0.02,0.164,266,245,729,2389671.5,11.7358112335205,6261.02057838628,6259.83881106357
0.5,0.75,1,176150,1000,1000,6260.02575125707,6275.37035782925,7378.2105129784,2.13789109721609,20.754706646652,15.3622035800619,0.021,0.173,268,246,728,2389671.5,11.7358112335205,6261.02057838628,6259.83881106357
0.5,0.75,1,176150,1000,2500,6260.02575125707,6267.57508627912,6704.94768388439,1.61798491018619,10.3610503822131,15.6559518057443,0.024,0.178,265,244,729,2389671.5,11.7358112335205,6261.02057838628,6259.83881106357
0.5,0.75,1,176150,1000,5000,6260.02575125707,6261.42247873632,6704.94768388439,0.757439116313993,10.3610503822131,15.6845936722362,0.0266,0.1816,267,246,729,2389671.5,11.7358112335205,6261.02057838628,6259.83881106357
0.5,0.75,1,176150,1000,10000,6260.02575125707,6261.42247873632,6557.29717231765,0.757439116313993,7.82437199163782,15.7403145260767,0.0268,0.1809,267,246,729,2389671.5,11.7358112335205,6261.02057838628,6259.83881106357
1,0.75,1,176200,1000,500,6334.9384181867,6376.36232626072,6643.82611865647,4.06695201983158,8.70389018413611,15.1884238678931,0.022,0.214,254,236,732,8638646,11.9474639892578,6340.47687452922,6332.02910281482
1,0.75,1,176200,1000,1000,6334.9384181867,6367.9570412747,6643.82611865647,2.31193743098939,8.70389018413611,15.2521626533408,0.028,0.204,255,243,738,8638646,11.9474639892578,6340.47687452922,6332.02910281482
1,0.75,1,176200,1000,2500,6334.9384181867,6336.88458368892,6643.82611865647,1.52892455644311,8.70389018413611,15.2639358269385,0.0316,0.2028,259,242,733,8638646,11.9474639892578,6340.47687452922,6332.02910281482
1,0.75,1,176200,1000,5000,6334.9384181867,6336.88458368892,6643.82611865647,1.52892455644311,8.70389018413611,15.219756762527,0.0306,0.2008,259,242,733,8638646,11.9474639892578,6340.47687452922,6332.02910281482
1,0.75,1,176200,1000,10000,6334.9384181867,6334.82181780832,6539.49697486671,1.35372414764664,7.89386172128909,15.3847397832104,0.0297,0.2013,257,243,736,8638646,11.9474639892578,6340.47687452922,6332.02910281482
2,0.75,1,176300,1000,500,6274.04107239883,6283.65176712164,6640.58700142012,2.3208827297145,9.15133834343172,15.992069614235,0.052,0.202,258,243,735,38649824,11.598072052002,6289.93204845997,6270.94354359961
2,0.75,1,176300,1000,1000,6274.04107239883,6283.65176712164,6640.58700142012,2.3208827297145,9.15133834343172,16.1258399478299,0.043,0.18,258,243,735,38649824,11.598072052002,6289.93204845997,6270.94354359961
2,0.75,1,176300,1000,2500,6274.04107239883,6277.8690557918,6640.58700142012,1.89978401939946,9.15133834343172,15.9185319137949,0.036,0.182,259,244,735,38649824,11.598072052002,6289.93204845997,6270.94354359961
2,0.75,1,176300,1000,5000,6274.04107239883,6273.51140690616,6321.4769294917,0.650830957773111,2.9514242455133,15.8275341760214,0.0292,0.1824,257,244,737,38649824,11.598072052002,6289.93204845997,6270.94354359961
2,0.75,1,176300,1000,10000,6274.04107239883,6273.51140690616,6321.4769294917,0.650830957773111,2.9514242455133,15.7215455907611,0.0309,0.187,257,244,737,38649824,11.598072052002,6289.93204845997,6270.94354359961
4,0.75,1,176500,1000,500,6299.99333875279,6319.04277761149,6696.52510404528,2.34355390251299,10.4363194901051,16.0858694223226,0.012,0.158,264,241,727,141270944,12.2425775527954,6313.13519225218,6299.52678678486
4,0.75,1,176500,1000,1000,6299.99333875279,6309.75699973503,6696.52510404528,2.22572973507909,10.4363194901051,15.7506139673093,0.023,0.181,264,242,728,141270944,12.2425775527954,6313.13519225218,6299.52678678486
4,0.75,1,176500,1000,2500,6299.99333875279,6300.790934109,6696.52510404528,1.08888721908817,10.4363194901051,15.6844043024049,0.0264,0.1888,266,244,728,141270944,12.2425775527954,6313.13519225218,6299.52678678486
4,0.75,1,176500,1000,5000,6299.99333875279,6300.790934109,6696.52510404528,1.08888721908817,10.4363194901051,15.6495943846217,0.0278,0.1898,266,244,728,141270944,12.2425775527954,6313.13519225218,6299.52678678486
4,0.75,1,176500,1000,10000,6299.99333875279,6300.790934109,6696.52510404528,1.08888721908817,10.4363194901051,15.5855558303989,0.0299,0.1902,266,244,728,141270944,12.2425775527954,6313.13519225218,6299.52678678486
0.25,0.85,1,186125,1000,500,6836.58648725718,6847.75049487753,7368.61303598451,2.01523169784989,17.7107846943917,16.3826907240796,0.016,0.176,165,147,832,224325.59375,11.833215713501,6848.64203823509,6835.95675552163
0.25,0.85,1,186125,1000,1000,6836.58648725718,6847.75049487753,7368.61303598451,2.01523169784989,17.7107846943917,16.7474286785744,0.02,0.156,165,147,832,224325.59375,11.833215713501,6848.64203823509,6835.95675552163
0.25,0.85,1,186125,1000,2500,6836.58648725718,6847.75049487753,7274.91409300558,2.01523169784989,13.612009937039,16.7043315563381,0.022,0.1608,165,147,832,224325.59375,11.833215713501,6848.64203823509,6835.95675552163
0.25,0.85,1,186125,1000,5000,6836.58648725718,6838.10124050947,7274.91409300558,1.21409209504786,13.612009937039,16.5575127031745,0.0244,0.1616,165,148,833,224325.59375,11.833215713501,6848.64203823509,6835.95675552163
0.25,0.85,1,186125,1000,10000,6836.58648725718,6837.60234331136,6846.45667495768,1.26405741298691,2.19807597632897,16.6038314030924,0.0281,0.1669,167,149,832,224325.59375,11.833215713501,6848.64203823509,6835.95675552163
0.5,0.85,1,186150,1000,500,6885.33068739953,6884.03091411847,7214.19429458308,0.643514542243171,12.2260976744555,15.7887869001333,0.034,0.182,161,148,837,812571.9375,11.8667316436768,6884.42576809654,6883.23511930163
0.5,0.85,1,186150,1000,1000,6885.33068739953,6884.03091411847,7214.19429458308,0.643514542243171,12.2260976744555,15.7682855635511,0.029,0.179,161,148,837,812571.9375,11.8667316436768,6884.42576809654,6883.23511930163
0.5,0.85,1,186150,1000,2500,6885.33068739953,6884.03091411847,7214.19429458308,0.643514542243171,12.2260976744555,15.7982345913113,0.028,0.1732,161,148,837,812571.9375,11.8667316436768,6884.42576809654,6883.23511930163
0.5,0.85,1,186150,1000,5000,6885.33068739953,6884.03091411847,7022.81790161755,0.643514542243171,7.7685746711253,15.8925457066438,0.026,0.1776,161,148,837,812571.9375,11.8667316436768,6884.42576809654,6883.23511930163
0.5,0.85,1,186150,1000,10000,6885.33068739953,6883.33669930889,6953.79050288166,1.01367951353667,5.36566460364585,15.8003072627278,0.0283,0.1847,161,148,837,812571.9375,11.8667316436768,6884.42576809654,6883.23511930163
1,0.85,1,186200,1000,500,6883.64680141307,6885.49294815623,7665.11142144338,1.6544609176139,175.84882423641,15.7573658668063,0.022,0.18,164,148,834,3246437.25,11.7749338150024,6894.92171223236,6881.7562813979
1,0.85,1,186200,1000,1000,6883.64680141307,6885.49294815623,7622.84337647236,1.6544609176139,28.5307456836404,15.7241591383557,0.03,0.19,164,148,834,3246437.25,11.7749338150024,6894.92171223236,6881.7562813979
1,0.85,1,186200,1000,2500,6883.64680141307,6884.29195857204,6964.58926552623,0.93647477190738,5.18898458186629,15.6055053507646,0.0312,0.1928,164,147,833,3246437.25,11.7749338150024,6894.92171223236,6881.7562813979
1,0.85,1,186200,1000,5000,6883.64680141307,6882.91841320482,6964.58926552623,0.296913597052393,5.18898458186629,15.5993959017237,0.028,0.203,165,149,834,3246437.25,11.7749338150024,6894.92171223236,6881.7562813979
1,0.85,1,186200,1000,10000,6883.64680141307,6882.91841320482,6964.58926552623,0.296913597052393,5.18898458186629,15.4913037958116,0.0312,0.1992,165,149,834,3246437.25,11.7749338150024,6894.92171223236,6881.7562813979
2,0.85,1,186300,1000,500,6857.10952139556,6870.43859792204,7600.22813524018,2.58183062256754,22.6618984948686,16.4962349809354,0.034,0.2,161,148,837,13510341,11.897608757019,6865.684379273,6855.58436067541
2,0.85,1,186300,1000,1000,6857.10952139556,6870.43859792204,7040.79949497335,2.58183062256754,8.76333522979815,16.0543892728235,0.026,0.174,161,148,837,13510341,11.897608757019,6865.684379273,6855.58436067541
2,0.85,1,186300,1000,2500,6857.10952139556,6861.48047718108,6992.07161547997,2.08743828093449,6.65168274953167,15.9361592592217,0.0268,0.1852,164,149,835,13510341,11.897608757019,6865.684379273,6855.58436067541
2,0.85,1,186300,1000,5000,6857.10952139556,6858.46245302005,6992.07161547997,0.901899661207209,6.65168274953167,15.7847517499803,0.0296,0.1956,162,149,837,13510341,11.897608757019,6865.684379273,6855.58436067541
2,0.85,1,186300,1000,10000,6857.10952139556,6858.46245302005,6992.07161547997,0.901899661207209,6.65168274953167,15.7122970682817,0.0298,0.1949,162,149,837,13510341,11.897608757019,6865.684379273,6855.58436067541
4,0.85,1,186500,1000,500,6857.54617265085,6870.68941496684,7546.68922978186,2.92651430325804,21.917588954914,16.5511981156524,0.028,0.164,168,146,828,61179544,11.6907997131348,6860.8628205747,6854.70837526251
4,0.85,1,186500,1000,1000,6857.54617265085,6870.68941496684,7397.80239515525,2.92651430325804,16.4309835586776,16.0031483114512,0.03,0.191,168,146,828,61179544,11.6907997131348,6860.8628205747,6854.70837526251
4,0.85,1,186500,1000,2500,6857.54617265085,6859.61761194557,7319.44417350736,1.61842847757233,17.5172505961633,15.4543708487058,0.0296,0.2084,165,145,830,61179544,11.6907997131348,6860.8628205747,6854.70837526251
4,0.85,1,186500,1000,5000,6857.54617265085,6856.84798414667,7291.10309161598,1.34045076520731,16.3769713782469,15.4442132433517,0.0284,0.2002,165,145,830,61179544,11.6907997131348,6860.8628205747,6854.70837526251
4,0.85,1,186500,1000,10000,6857.54617265085,6856.84798414667,6961.61518456722,1.34045076520731,6.39844478663365,15.329299498804,0.0304,0.1993,165,145,830,61179544,11.6907997131348,6860.8628205747,6854.70837526251
0.25,0.25,2,226125,1000,500,3402.99273142695,3461.53109790638,4859.66665286906,2.22502448707562,10.8018251340394,15.4015724811177,0.03,0.192,733,730,247,5169528.5,11.7368793487549,3493.00677627057,3402.38090944863
0.25,0.25,2,226125,1000,1000,3402.99273142695,3409.54829571323,4859.66665286906,0.887425178755144,10.8018251340394,15.5904537486416,0.031,0.201,733,731,248,5169528.5,11.7368793487549,3493.00677627057,3402.38090944863
0.25,0.25,2,226125,1000,2500,3402.99273142695,3409.54829571323,4311.82322618063,0.887425178755144,8.28990576294053,15.7151609795777,0.032,0.1956,733,731,248,5169528.5,11.7368793487549,3493.00677627057,3402.38090944863
0.25,0.25,2,226125,1000,5000,3402.99273142695,3409.54829571323,4311.82322618063,0.887425178755144,8.28990576294053,15.7308478091036,0.03,0.1908,733,731,248,5169528.5,11.7368793487549,3493.00677627057,3402.38090944863
0.25,0.25,2,226125,1000,10000,3402.99273142695,3409.54829571323,4083.49358720387,0.887425178755144,7.39908581710948,15.7506278087198,0.0292,0.1908,733,731,248,5169528.5,11.7368793487549,3493.00677627057,3402.38090944863
0.5,0.25,2,226150,1000,500,3493.68465619011,3537.13860542657,7049.12668966191,1.78208630874958,24.9085587478684,15.3921457892006,0.046,0.202,732,727,245,19195568,11.9708700180054,3544.0431204444,3493.29720472879
0.5,0.25,2,226150,1000,1000,3493.68465619011,3495.226818761,6976.9924135523,0.52299130441576,24.6434780226776,15.6319156972889,0.044,0.197,728,724,246,19195568,11.9708700180054,3544.0431204444,3493.29720472879
0.5,0.25,2,226150,1000,2500,3493.68465619011,3495.226818761,3880.79886920266,0.52299130441576,5.44833984433165,15.4171221105134,0.0352,0.1936,728,724,246,19195568,11.9708700180054,3544.0431204444,3493.29720472879
0.5,0.25,2,226150,1000,5000,3493.68465619011,3495.226818761,3880.79886920266,0.52299130441576,5.44833984433165,15.4424683798831,0.0354,0.1936,728,724,246,19195568,11.9708700180054,3544.0431204444,3493.29720472879
0.5,0.25,2,226150,1000,10000,3493.68465619011,3495.226818761,3880.79886920266,0.52299130441576,5.44833984433165,15.6201748671107,0.0313,0.1905,728,724,246,19195568,11.9708700180054,3544.0431204444,3493.29720472879
1,0.25,2,226200,1000,500,3438.59156110397,3512.38104550949,6415.35932952713,2.28519585426671,19.1104294347735,15.4572945588298,0.024,0.232,737,731,244,80431032,11.5755319595337,3488.46872987036,3437.46880174235
1,0.25,2,226200,1000,1000,3438.59156110397,3460.012460149,6005.19543912445,1.06853146591286,16.5555326719075,15.4930655343163,0.027,0.212,736,731,245,80431032,11.5755319595337,3488.46872987036,3437.46880174235
1,0.25,2,226200,1000,2500,3438.59156110397,3449.93167944028,4105.73533580279,1.1912935964793,7.64279887232142,15.3965618165416,0.0316,0.2096,739,734,245,80431032,11.5755319595337,3488.46872987036,3437.46880174235
1,0.25,2,226200,1000,5000,3438.59156110397,3449.93167944028,3789.79795292429,1.1912935964793,5.2786723252925,15.2261487576275,0.0306,0.21,739,734,245,80431032,11.5755319595337,3488.46872987036,3437.46880174235
1,0.25,2,226200,1000,10000,3438.59156110397,3449.93167944028,3789.79795292429,1.1912935964793,5.2786723252925,15.2252480969059,0.0303,0.2039,739,734,245,80431032,11.5755319595337,3488.46872987036,3437.46880174235
2,0.25,2,226300,1000,500,3474.73887959262,3511.12308677837,5044.18678492212,1.95241529233112,11.6602802405484,15.8497747551423,0.032,0.19,731,730,249,322295520,12.0518226623535,3498.1518274067,3473.90915047477
2,0.25,2,226300,1000,1000,3474.73887959262,3511.12308677837,5044.18678492212,1.95241529233112,11.6602802405484,15.9886213230792,0.03,0.195,731,730,249,322295520,12.0518226623535,3498.1518274067,3473.90915047477
2,0.25,2,226300,1000,2500,3474.73887959262,3502.40315659831,5044.18678492212,1.33700734895298,11.6602802405484,15.8711636949707,0.026,0.19,735,734,249,322295520,12.0518226623535,3498.1518274067,3473.90915047477
2,0.25,2,226300,1000,5000,3474.73887959262,3502.40315659831,5044.18678492212,1.33700734895298,11.6602802405484,15.8052240070252,0.0272,0.1916,735,734,249,322295520,12.0518226623535,3498.1518274067,3473.90915047477
2,0.25,2,226300,1000,10000,3474.73887959262,3478.36863538079,3659.66573740506,0.375781662236455,4.01981994225764,15.8543493221353,0.0293,0.1931,735,734,249,322295520,12.0518226623535,3498.1518274067,3473.90915047477
4,0.25,2,226500,1000,500,3310.55299649245,3313.06573282856,7255.96779551456,0.762955087046763,27.148198348736,15.3337781084268,0.042,0.214,749,742,243,1482110720,11.8726234436035,3438.59359690978,3311.00863125793
4,0.25,2,226500,1000,1000,3310.55299649245,3313.06573282856,6005.71502802161,0.762955087046763,17.0768981385688,15.1781812735828,0.038,0.208,749,742,243,1482110720,11.8726234436035,3438.59359690978,3311.00863125793
4,0.25,2,226500,1000,2500,3310.55299649245,3313.06573282856,5417.1718678151,0.762955087046763,13.8198857143655,15.2610249771882,0.0296,0.2028,749,742,243,1482110720,11.8726234436035,3438.59359690978,3311.00863125793
4,0.25,2,226500,1000,5000,3310.55299649245,3311.02541248632,5067.20724057565,0.359074261613544,12.3405775307638,15.4619553446702,0.03,0.1948,749,742,243,1482110720,11.8726234436035,3438.59359690978,3311.00863125793
4,0.25,2,226500,1000,10000,3310.55299649245,3311.02541248632,3639.00713938221,0.359074261613544,5.20755005438384,15.5099078714987,0.0306,0.1963,749,742,243,1482110720,11.8726234436035,3438.59359690978,3311.00863125793
0.25,0.5,2,251125,1000,500,4844.7881799168,4858.9068858664,6775.39173103202,1.06054337357711,18.4704580607678,16.0121462551077,0.034,0.196,500,493,493,2257308.25,11.9811134338379,4879.31379421275,4845.17377047416
0.25,0.5,2,251125,1000,1000,4844.7881799168,4858.9068858664,6391.58426228142,1.06054337357711,15.4214463671516,15.6003215408919,0.031,0.192,500,493,493,2257308.25,11.9811134338379,4879.31379421275,4845.17377047416
0.25,0.5,2,251125,1000,2500,4844.7881799168,4858.9068858664,5684.61457791887,1.06054337357711,10.1109062178547,15.816516634189,0.0256,0.1768,500,493,493,2257308.25,11.9811134338379,4879.31379421275,4845.17377047416
0.25,0.5,2,251125,1000,5000,4844.7881799168,4853.8977110042,5201.07241771349,0.929726577017007,6.45825797739382,15.9662103110844,0.0266,0.1798,500,493,493,2257308.25,11.9811134338379,4879.31379421275,4845.17377047416
0.25,0.5,2,251125,1000,10000,4844.7881799168,4850.00841361776,5201.07241771349,0.864625626423227,6.45825797739382,16.0917740093678,0.0279,0.1757,501,493,492,2257308.25,11.9811134338379,4879.31379421275,4845.17377047416
0.5,0.5,2,251150,1000,500,4766.06120086892,4841.28146177881,6865.39819947996,2.39020634957233,18.4594913285089,15.6746141237192,0.04,0.186,499,487,488,10106447,11.8308486938477,4809.92271384789,4762.58906485776
0.5,0.5,2,251150,1000,1000,4766.06120086892,4776.57819672679,6780.35542996003,1.70282985591643,19.3153093270078,15.3097302808677,0.03,0.181,501,489,488,10106447,11.8308486938477,4809.92271384789,4762.58906485776
0.5,0.5,2,251150,1000,2500,4766.06120086892,4773.33615414595,5792.46267658124,1.424470470345,11.3126571508642,15.4745712365289,0.0236,0.1816,501,488,487,10106447,11.8308486938477,4809.92271384789,4762.58906485776
0.5,0.5,2,251150,1000,5000,4766.06120086892,4767.19428654616,5792.46267658124,0.233049254730015,11.3126571508642,15.5394251884449,0.026,0.1874,501,488,487,10106447,11.8308486938477,4809.92271384789,4762.58906485776
0.5,0.5,2,251150,1000,10000,4766.06120086892,4767.19428654616,5792.46267658124,0.233049254730015,11.3126571508642,15.6769629988565,0.0281,0.1855,501,488,487,10106447,11.8308486938477,4809.92271384789,4762.58906485776
1,0.5,2,251200,1000,500,4844.26500455616,4910.03114015872,5544.93241133895,2.89189950191813,9.75099013488545,14.9664289866197,0.034,0.208,496,490,494,37940844,11.894775390625,4867.30683865358,4842.50711623851
1,0.5,2,251200,1000,1000,4844.26500455616,4865.69241251333,5544.93241133895,2.00742915010932,9.75099013488545,15.007235360161,0.033,0.203,496,490,494,37940844,11.894775390625,4867.30683865358,4842.50711623851
1,0.5,2,251200,1000,2500,4844.26500455616,4856.13188613595,5544.93241133895,1.39728441904818,9.75099013488545,15.3575352873595,0.036,0.208,495,491,496,37940844,11.894775390625,4867.30683865358,4842.50711623851
1,0.5,2,251200,1000,5000,4844.26500455616,4848.29199417029,5116.49560766473,1.03883687786712,5.09837399465687,15.533549658182,0.0314,0.203,497,491,494,37940844,11.894775390625,4867.30683865358,4842.50711623851
1,0.5,2,251200,1000,10000,4844.26500455616,4845.42281445212,5116.49560766473,0.474718217456211,5.09837399465687,15.4712027909993,0.0312,0.2058,493,489,496,37940844,11.894775390625,4867.30683865358,4842.50711623851
2,0.5,2,251300,1000,500,4839.20571618544,4866.77950059801,7211.76373648066,1.59489202931965,22.2876112117275,15.3796124473269,0.024,0.194,504,493,489,147927392,12.2085886001587,4880.53156079493,4836.7649787844
2,0.5,2,251300,1000,1000,4839.20571618544,4857.60658765398,7211.76373648066,1.24501724301678,22.2876112117275,15.5510116927013,0.024,0.193,505,494,489,147927392,12.2085886001587,4880.53156079493,4836.7649787844
2,0.5,2,251300,1000,2500,4839.20571618544,4843.8324332282,6105.78215255002,1.4019671677309,12.6590338063346,15.4704118097441,0.0232,0.19,501,492,491,147927392,12.2085886001587,4880.53156079493,4836.7649787844
2,0.5,2,251300,1000,5000,4839.20571618544,4843.8324332282,5667.27740227416,1.4019671677309,10.5476102138049,15.5121298310478,0.0266,0.19,501,492,491,147927392,12.2085886001587,4880.53156079493,4836.7649787844
2,0.5,2,251300,1000,10000,4839.20571618544,4843.8324332282,4912.28017259213,1.4019671677309,3.13638104478304,15.443268966658,0.0289,0.1971,501,492,491,147927392,12.2085886001587,4880.53156079493,4836.7649787844
4,0.5,2,251500,1000,500,4958.41243751013,4994.57920673404,6038.87554539565,2.0268519401021,12.7864323391203,15.2614411709533,0.028,0.202,500,488,488,567717696,12.1315536499023,4993.16929984641,4957.47002786706
4,0.5,2,251500,1000,1000,4958.41243751013,4994.57920673404,6038.87554539565,2.0268519401021,12.7864323391203,15.4587791376061,0.026,0.2,500,488,488,567717696,12.1315536499023,4993.16929984641,4957.47002786706
4,0.5,2,251500,1000,2500,4958.41243751013,4973.19538246798,6038.87554539565,1.06384703766596,12.7864323391203,15.2157319655152,0.0268,0.2064,495,485,490,567717696,12.1315536499023,4993.16929984641,4957.47002786706
4,0.5,2,251500,1000,5000,4958.41243751013,4961.30111182444,6012.28607002623,0.854840953232178,13.6094639664497,15.3197976292146,0.0288,0.2044,498,488,490,567717696,12.1315536499023,4993.16929984641,4957.47002786706
4,0.5,2,251500,1000,10000,4958.41243751013,4958.35366383867,5991.39528550665,0.312655150598949,12.065062902443,15.3870956160309,0.0286,0.1985,496,486,490,567717696,12.1315536499023,4993.16929984641,4957.47002786706
0.25,0.75,2,276125,1000,500,6340.61159636927,6352.38155784606,7180.53869512771,1.15599396703441,16.4207755051127,16.5020721104074,0.03,0.2,257,243,736,501337.8125,11.8901062011719,6366.22619528573,6338.70183890398
0.25,0.75,2,276125,1000,1000,6340.61159636927,6343.21109182466,6762.89152505282,1.00863825981516,10.6242130165888,16.496881522623,0.024,0.181,261,246,735,501337.8125,11.8901062011719,6366.22619528573,6338.70183890398
0.25,0.75,2,276125,1000,2500,6340.61159636927,6343.21109182466,6633.79482637998,1.00863825981516,8.69774721032169,16.4485754455064,0.0232,0.1732,261,246,735,501337.8125,11.8901062011719,6366.22619528573,6338.70183890398
0.25,0.75,2,276125,1000,5000,6340.61159636927,6343.21109182466,6554.71885177688,1.00863825981516,6.82598853443105,16.3497910180187,0.0262,0.1768,261,246,735,501337.8125,11.8901062011719,6366.22619528573,6338.70183890398
0.25,0.75,2,276125,1000,10000,6340.61159636927,6342.57500331887,6511.62000598581,1.2425741537911,6.65167954084992,16.3903035379562,0.027,0.171,259,244,735,501337.8125,11.8901062011719,6366.22619528573,6338.70183890398
0.5,0.75,2,276150,1000,500,6271.58744251717,6269.98252357188,7230.70457806722,1.68729154520563,17.5455441980406,16.2984431909961,0.036,0.166,264,247,733,2278613,11.9293899536133,6279.15895126413,6267.54031798337
0.5,0.75,2,276150,1000,1000,6271.58744251717,6269.98252357188,7230.70457806722,1.68729154520563,17.5455441980406,16.1392936979764,0.031,0.162,264,247,733,2278613,11.9293899536133,6279.15895126413,6267.54031798337
0.5,0.75,2,276150,1000,2500,6271.58744251717,6269.98252357188,6540.00022308243,1.68729154520563,8.26596994303421,15.9301563787756,0.0348,0.1816,264,247,733,2278613,11.9293899536133,6279.15895126413,6267.54031798337
0.5,0.75,2,276150,1000,5000,6271.58744251717,6268.90769934215,6467.77125396903,0.947173240329268,5.9360384146458,15.9128513321198,0.0334,0.1812,263,246,733,2278613,11.9293899536133,6279.15895126413,6267.54031798337
0.5,0.75,2,276150,1000,10000,6271.58744251717,6268.90769934215,6383.95565018282,0.947173240329268,5.58539830016047,15.9589891820134,0.0325,0.1804,263,246,733,2278613,11.9293899536133,6279.15895126413,6267.54031798337
1,0.75,2,276200,1000,500,6290.48290502531,6307.12257325604,7514.17632067719,2.36549092806215,25.3890297292862,16.0110541339523,0.024,0.172,256,245,739,9370381,11.9582996368408,6305.66992923904,6287.266718768
1,0.75,2,276200,1000,1000,6290.48290502531,6303.79399944876,7080.10032758638,1.31730198109476,14.7631423662544,15.4920532342675,0.022,0.184,259,246,737,9370381,11.9582996368408,6305.66992923904,6287.266718768
1,0.75,2,276200,1000,2500,6290.48290502531,6289.04167135823,6967.3230533941,1.08425333855318,13.106881373849,15.5908907170234,0.0296,0.1872,259,246,737,9370381,11.9582996368408,6305.66992923904,6287.266718768
1,0.75,2,276200,1000,5000,6290.48290502531,6289.04167135823,6292.5453067489,1.08425333855318,0.92974900710464,15.7440540917717,0.0314,0.1868,259,246,737,9370381,11.9582996368408,6305.66992923904,6287.266718768
1,0.75,2,276200,1000,10000,6290.48290502531,6289.04167135823,6292.5453067489,1.08425333855318,0.92974900710464,15.8017509182106,0.0297,0.1899,259,246,737,9370381,11.9582996368408,6305.66992923904,6287.266718768
2,0.75,2,276300,1000,500,6258.80454362926,6278.17916041826,7460.89977267261,2.06582533136292,23.0937052341858,16.0758769575051,0.02,0.156,262,247,735,38694564,12.0585479736328,6275.50378169407,6258.62313938254
2,0.75,2,276300,1000,1000,6258.80454362926,6259.64555809288,7402.65269229329,0.350293256638494,21.1994169300525,15.5404870130167,0.029,0.166,263,247,734,38694564,12.0585479736328,6275.50378169407,6258.62313938254
2,0.75,2,276300,1000,2500,6258.80454362926,6259.64555809288,6708.91753008607,0.350293256638494,10.0709149574774,15.763516885536,0.0276,0.1708,263,247,734,38694564,12.0585479736328,6275.50378169407,6258.62313938254
2,0.75,2,276300,1000,5000,6258.80454362926,6259.64555809288,6708.91753008607,0.350293256638494,10.0709149574774,15.6122584788071,0.0304,0.186,263,247,734,38694564,12.0585479736328,6275.50378169407,6258.62313938254
2,0.75,2,276300,1000,10000,6258.80454362926,6258.81655309147,6266.53748127133,0.761324895499199,1.04751913249448,15.617285397936,0.03,0.1896,263,247,734,38694564,12.0585479736328,6275.50378169407,6258.62313938254
4,0.75,2,276500,1000,500,6328.27389177565,6335.38298284219,6647.91010672447,1.55839867601179,8.66183564889981,15.4509405524901,0.044,0.192,257,241,734,135946944,11.8306760787964,6348.35179829668,6327.24847306638
4,0.75,2,276500,1000,1000,6328.27389177565,6335.38298284219,6647.91010672447,1.55839867601179,8.66183564889981,15.5268604410178,0.039,0.211,257,241,734,135946944,11.8306760787964,6348.35179829668,6327.24847306638
4,0.75,2,276500,1000,2500,6328.27389177565,6330.15195120168,6647.91010672447,1.00014906944737,8.66183564889981,15.1984358189022,0.032,0.2136,255,240,735,135946944,11.8306760787964,6348.35179829668,6327.24847306638
4,0.75,2,276500,1000,5000,6328.27389177565,6329.01678190754,6647.91010672447,0.963757181526355,8.66183564889981,15.3402106242493,0.031,0.2122,256,241,735,135946944,11.8306760787964,6348.35179829668,6327.24847306638
4,0.75,2,276500,1000,10000,6328.27389177565,6329.01678190754,6606.91933244145,0.963757181526355,8.14547705498726,15.3120299086609,0.0327,0.2049,256,241,735,135946944,11.8306760787964,6348.35179829668,6327.24847306638
0.25,0.85,2,286125,1000,500,6869.17157512988,6872.12827663953,7324.96230660235,2.46617121094465,14.7075377800751,16.6376173483484,0.022,0.154,163,147,834,195027.140625,12.2139673233032,6874.00316024684,6865.97659218117
0.25,0.85,2,286125,1000,1000,6869.17157512988,6872.12827663953,7324.96230660235,2.46617121094465,14.7075377800751,16.6376173483484,0.023,0.155,163,147,834,195027.140625,12.2139673233032,6874.00316024684,6865.97659218117
0.25,0.85,2,286125,1000,2500,6869.17157512988,6870.82379000074,7226.30543780389,0.781940439976249,13.6116004580007,16.6491171758622,0.024,0.1508,163,148,835,195027.140625,12.2139673233032,6874.00316024684,6865.97659218117
0.25,0.85,2,286125,1000,5000,6869.17157512988,6867.99338171595,6889.92395144915,1.77965959132706,2.93560065714414,16.5145557688409,0.0242,0.1618,161,146,835,195027.140625,12.2139673233032,6874.00316024684,6865.97659218117
0.25,0.85,2,286125,1000,10000,6869.17157512988,6867.99338171595,6889.92395144915,1.77965959132706,2.93560065714414,16.4913682188635,0.0264,0.1625,161,146,835,195027.140625,12.2139673233032,6874.00316024684,6865.97659218117
0.5,0.85,2,286150,1000,500,6820.92589777509,6821.30664639598,7177.9630179596,1.41882174574134,12.2073070519483,16.1752749654758,0.032,0.194,164,149,835,974195,12.0034790039062,6822.11877454123,6818.32371503852
0.5,0.85,2,286150,1000,1000,6820.92589777509,6821.30664639598,6964.490361035,1.41882174574134,7.88557327581213,15.958572446539,0.035,0.203,164,149,835,974195,12.0034790039062,6822.11877454123,6818.32371503852
0.5,0.85,2,286150,1000,2500,6820.92589777509,6819.25631309494,6964.490361035,1.18058759000394,7.88557327581213,16.0959115588821,0.024,0.1852,165,148,833,974195,12.0034790039062,6822.11877454123,6818.32371503852
0.5,0.85,2,286150,1000,5000,6820.92589777509,6818.84353069151,6964.490361035,0.996080565584605,7.88557327581213,15.9604951045582,0.03,0.1846,163,148,835,974195,12.0034790039062,6822.11877454123,6818.32371503852
0.5,0.85,2,286150,1000,10000,6820.92589777509,6818.84353069151,6964.490361035,0.996080565584605,7.88557327581213,15.9371918696611,0.0281,0.1862,163,148,835,974195,12.0034790039062,6822.11877454123,6818.32371503852
1,0.85,2,286200,1000,500,6872.61911945397,6881.79310162366,7563.34172581935,1.58004737257947,22.4745330517683,16.2269951774445,0.03,0.186,159,148,839,3376117.25,11.986536026001,6869.1570837606,6868.4578657903
1,0.85,2,286200,1000,1000,6872.61911945397,6881.29432830762,7281.03716361025,2.07628860858717,13.9783235970668,15.9524285974845,0.035,0.186,159,148,839,3376117.25,11.986536026001,6869.1570837606,6868.4578657903
1,0.85,2,286200,1000,2500,6872.61911945397,6877.3006656187,7281.03716361025,1.49195070581637,13.9783235970668,15.887709633903,0.0264,0.174,160,148,838,3376117.25,11.986536026001,6869.1570837606,6868.4578657903
1,0.85,2,286200,1000,5000,6872.61911945397,6871.86010469085,7281.03716361025,1.68294167089719,13.9783235970668,15.7991341867039,0.0312,0.1854,159,148,839,3376117.25,11.986536026001,6869.1570837606,6868.4578657903
1,0.85,2,286200,1000,10000,6872.61911945397,6871.86010469085,6886.38386044805,1.68294167089719,2.35017679165244,15.63326809646,0.0296,0.1878,159,148,839,3376117.25,11.986536026001,6869.1570837606,6868.4578657903
2,0.85,2,286300,1000,500,6855.63724335524,6855.94061081984,7574.21153089086,1.27476297532901,28.6226124653908,16.0452204402962,0.024,0.18,165,150,835,14290314,11.8604755401611,6869.6004529135,6851.53333006388
2,0.85,2,286300,1000,1000,6855.63724335524,6855.94061081984,7110.01257872448,1.27476297532901,11.310730267033,15.7560753509732,0.03,0.185,165,150,835,14290314,11.8604755401611,6869.6004529135,6851.53333006388
2,0.85,2,286300,1000,2500,6855.63724335524,6855.94061081984,7110.01257872448,1.27476297532901,11.310730267033,15.6280456463126,0.03,0.1768,165,150,835,14290314,11.8604755401611,6869.6004529135,6851.53333006388
2,0.85,2,286300,1000,5000,6855.63724335524,6851.93074900054,7110.01257872448,1.37858880400231,11.310730267033,15.6991991959652,0.0284,0.186,164,150,836,14290314,11.8604755401611,6869.6004529135,6851.53333006388
2,0.85,2,286300,1000,10000,6855.63724335524,6851.93074900054,7006.13182199711,1.37858880400231,7.99645573909517,15.7260202381434,0.0301,0.1883,164,150,836,14290314,11.8604755401611,6869.6004529135,6851.53333006388
4,0.85,2,286500,1000,500,6878.0630189097,6878.34937922656,7594.47749097157,1.37083961019243,28.9427347126877,15.1211746309095,0.024,0.202,161,146,835,52801168,11.7228631973267,6877.68434849743,6875.87143420374
4,0.85,2,286500,1000,1000,6878.0630189097,6876.59778578292,7518.36430512452,0.932549411159251,21.0806664776775,15.4434591220734,0.032,0.194,162,147,835,52801168,11.7228631973267,6877.68434849743,6875.87143420374
4,0.85,2,286500,1000,2500,6878.0630189097,6876.59778578292,6929.49847218367,0.932549411159251,4.43371360059045,15.5449933102952,0.0348,0.1904,162,147,835,52801168,11.7228631973267,6877.68434849743,6875.87143420374
4,0.85,2,286500,1000,5000,6878.0630189097,6876.59778578292,6929.49847218367,0.932549411159251,4.43371360059045,15.353537810013,0.0328,0.1928,162,147,835,52801168,11.7228631973267,6877.68434849743,6875.87143420374
4,0.85,2,286500,1000,10000,6878.0630189097,6876.59778578292,6929.49847218367,0.932549411159251,4.43371360059045,15.5339798225374,0.0299,0.1921,162,147,835,52801168,11.7228631973267,6877.68434849743,6875.87143420374
0.25,0.25,3,326125,1000,500,3286.66815262295,3345.06921302819,6824.56801338503,2.09860466395037,21.9975489367365,15.6729626083388,0.022,0.168,745,735,240,5085944,12.1564798355103,3296.98316676472,3285.13179608286
0.25,0.25,3,326125,1000,1000,3286.66815262295,3286.02591502036,5843.48552906192,0.549796908853636,15.6614995848956,15.7320377907092,0.031,0.184,749,737,238,5085944,12.1564798355103,3296.98316676472,3285.13179608286
0.25,0.25,3,326125,1000,2500,3286.66815262295,3286.02591502036,5462.54830247106,0.549796908853636,14.3551791649235,15.8203657021694,0.0292,0.1968,749,737,238,5085944,12.1564798355103,3296.98316676472,3285.13179608286
0.25,0.25,3,326125,1000,5000,3286.66815262295,3286.02591502036,3413.12816490697,0.549796908853636,3.12709270502584,15.7240070509068,0.0302,0.1876,749,737,238,5085944,12.1564798355103,3296.98316676472,3285.13179608286
0.25,0.25,3,326125,1000,10000,3286.66815262295,3286.02591502036,3413.12816490697,0.549796908853636,3.12709270502584,15.7618909121935,0.0291,0.1883,749,737,238,5085944,12.1564798355103,3296.98316676472,3285.13179608286
0.5,0.25,3,326150,1000,500,3419.34172157142,3428.53909347638,5180.78287221506,0.841114695345639,12.5214260103245,15.4509989705147,0.034,0.226,736,731,245,20038868,11.8957281112671,3507.25212242512,3415.75074247344
0.5,0.25,3,326150,1000,1000,3419.34172157142,3416.34947163344,4209.76503398203,0.649601690548201,7.62324587920387,15.5809660979531,0.034,0.209,740,734,244,20038868,11.8957281112671,3507.25212242512,3415.75074247344
0.5,0.25,3,326150,1000,2500,3419.34172157142,3416.34947163344,4209.76503398203,0.649601690548201,7.62324587920387,15.5723536467563,0.0316,0.2052,740,734,244,20038868,11.8957281112671,3507.25212242512,3415.75074247344
0.5,0.25,3,326150,1000,5000,3419.34172157142,3416.34947163344,4209.76503398203,0.649601690548201,7.62324587920387,15.4997745634376,0.0322,0.1968,740,734,244,20038868,11.8957281112671,3507.25212242512,3415.75074247344
0.5,0.25,3,326150,1000,10000,3419.34172157142,3416.34947163344,4209.76503398203,0.649601690548201,7.62324587920387,15.4856777298964,0.0332,0.1972,740,734,244,20038868,11.8957281112671,3507.25212242512,3415.75074247344
1,0.25,3,326200,1000,500,3480.94564049557,3493.19485229601,6716.63342612543,1.16168647772321,20.5175232062367,14.9835171566487,0.04,0.204,725,723,248,78412520,11.9605073928833,3481.16582988935,3478.2294538798
1,0.25,3,326200,1000,1000,3480.94564049557,3493.19485229601,6566.66223826881,1.16168647772321,20.2131588599116,15.0515755484393,0.041,0.204,725,723,248,78412520,11.9605073928833,3481.16582988935,3478.2294538798
1,0.25,3,326200,1000,2500,3480.94564049557,3493.19485229601,4808.29028429894,1.16168647772321,10.1271424424674,15.2685825293715,0.0332,0.1908,725,723,248,78412520,11.9605073928833,3481.16582988935,3478.2294538798
1,0.25,3,326200,1000,5000,3480.94564049557,3486.62839980991,4808.29028429894,0.536511142761528,10.1271424424674,15.6049802844318,0.0318,0.1924,729,727,248,78412520,11.9605073928833,3481.16582988935,3478.2294538798
1,0.25,3,326200,1000,10000,3480.94564049557,3486.62839980991,4577.04760945624,0.536511142761528,9.79101622666423,15.5041640534578,0.0311,0.1924,729,727,248,78412520,11.9605073928833,3481.16582988935,3478.2294538798
2,0.25,3,326300,1000,500,3499.20057343763,3541.95155926747,5561.9185920671,1.48542648567785,14.1071163585036,15.0776151629689,0.036,0.206,724,720,246,317028192,11.673394203186,3555.17585987313,3497.60100184127
2,0.25,3,326300,1000,1000,3499.20057343763,3519.64016699768,3988.05586398425,0.885747473290317,6.12068564287358,15.2480036986426,0.034,0.198,726,722,246,317028192,11.673394203186,3555.17585987313,3497.60100184127
2,0.25,3,326300,1000,2500,3499.20057343763,3519.64016699768,3988.05586398425,0.885747473290317,6.12068564287358,15.2905713602931,0.0336,0.196,726,722,246,317028192,11.673394203186,3555.17585987313,3497.60100184127
2,0.25,3,326300,1000,5000,3499.20057343763,3519.64016699768,3988.05586398425,0.885747473290317,6.12068564287358,15.448181832103,0.0298,0.193,726,722,246,317028192,11.673394203186,3555.17585987313,3497.60100184127
2,0.25,3,326300,1000,10000,3499.20057343763,3510.50514210513,3988.05586398425,0.676302815964682,6.12068564287358,15.4679871575718,0.0304,0.1909,727,723,246,317028192,11.673394203186,3555.17585987313,3497.60100184127
4,0.25,3,326500,1000,500,3370.8528245065,3384.67679370157,6204.28817747006,1.18816166262694,17.7745219785762,16.0060741800028,0.032,0.186,743,733,240,1395439104,11.9903182983398,3408.39274572811,3370.25111663729
4,0.25,3,326500,1000,1000,3370.8528245065,3384.67679370157,3658.93329134715,1.18816166262694,4.7607657453698,15.6503829310461,0.035,0.185,743,733,240,1395439104,11.9903182983398,3408.39274572811,3370.25111663729
4,0.25,3,326500,1000,2500,3370.8528245065,3384.67679370157,3658.93329134715,1.18816166262694,4.7607657453698,15.5560192507323,0.0352,0.1928,743,733,240,1395439104,11.9903182983398,3408.39274572811,3370.25111663729
4,0.25,3,326500,1000,5000,3370.8528245065,3384.67679370157,3658.93329134715,1.18816166262694,4.7607657453698,15.3590033248846,0.0322,0.1998,743,733,240,1395439104,11.9903182983398,3408.39274572811,3370.25111663729
4,0.25,3,326500,1000,10000,3370.8528245065,3368.80207437187,3658.93329134715,0.36501896386722,4.7607657453698,15.2740801083619,0.0327,0.1997,741,731,240,1395439104,11.9903182983398,3408.39274572811,3370.25111663729
0.25,0.5,3,351125,1000,500,4809.78722136251,4811.43882624099,6221.02834974448,0.601961086526338,13.8490669149494,15.5258858299445,0.024,0.17,503,493,490,2275658.5,11.7992076873779,4842.56410082723,4799.18218259101
0.25,0.5,3,351125,1000,1000,4809.78722136251,4811.43882624099,6221.02834974448,0.601961086526338,13.8490669149494,15.4825840320627,0.035,0.179,503,493,490,2275658.5,11.7992076873779,4842.56410082723,4799.18218259101
0.25,0.5,3,351125,1000,2500,4809.78722136251,4804.00912228812,5061.80018009219,1.25192983185317,5.9720960957066,15.5425794296077,0.0368,0.1872,501,491,490,2275658.5,11.7992076873779,4842.56410082723,4799.18218259101
0.25,0.5,3,351125,1000,5000,4809.78722136251,4804.00912228812,5061.80018009219,1.25192983185317,5.9720960957066,15.5252466312561,0.0318,0.194,501,491,490,2275658.5,11.7992076873779,4842.56410082723,4799.18218259101
0.25,0.5,3,351125,1000,10000,4809.78722136251,4804.00912228812,5061.80018009219,1.25192983185317,5.9720960957066,15.4906473602853,0.0309,0.1984,501,491,490,2275658.5,11.7992076873779,4842.56410082723,4799.18218259101
0.5,0.5,3,351150,1000,500,4796.44542493479,4801.78555133696,5376.86217446461,1.5995629141464,9.26045383895873,16.0156766932464,0.032,0.186,501,489,488,9551469,11.8386535644531,4806.19211425242,4788.73616921915
0.5,0.5,3,351150,1000,1000,4796.44542493479,4801.78555133696,5376.86217446461,1.5995629141464,9.26045383895873,15.9929393190612,0.028,0.188,501,489,488,9551469,11.8386535644531,4806.19211425242,4788.73616921915
0.5,0.5,3,351150,1000,2500,4796.44542493479,4801.78555133696,5376.86217446461,1.5995629141464,9.26045383895873,15.9707771184781,0.0296,0.1764,501,489,488,9551469,11.8386535644531,4806.19211425242,4788.73616921915
0.5,0.5,3,351150,1000,5000,4796.44542493479,4789.00935761448,5376.86217446461,1.33538019363409,9.26045383895873,15.8148976370267,0.0332,0.1828,500,489,489,9551469,11.8386535644531,4806.19211425242,4788.73616921915
0.5,0.5,3,351150,1000,10000,4796.44542493479,4789.00935761448,5376.86217446461,1.33538019363409,9.26045383895873,15.6580883855639,0.0315,0.1842,500,489,489,9551469,11.8386535644531,4806.19211425242,4788.73616921915
1,0.5,3,351200,1000,500,4858.87795403387,4921.88476056489,7454.76129788418,3.43681405161548,28.3754575951684,16.0994506625439,0.028,0.176,491,480,489,36574256,11.7877864837646,4884.09777446512,4854.09725972585
1,0.5,3,351200,1000,1000,4858.87795403387,4874.10477136724,6760.07452175681,2.01741466731145,17.3592135732383,15.8699644409997,0.031,0.181,497,487,490,36574256,11.7877864837646,4884.09777446512,4854.09725972585
1,0.5,3,351200,1000,2500,4858.87795403387,4867.38057957192,5726.74739424616,0.483031968696911,10.0597233004462,15.6037412564409,0.036,0.1868,494,483,489,36574256,11.7877864837646,4884.09777446512,4854.09725972585
1,0.5,3,351200,1000,5000,4858.87795403387,4867.38057957192,5554.15160508179,0.483031968696911,9.19796839322393,15.478057669661,0.036,0.2006,494,483,489,36574256,11.7877864837646,4884.09777446512,4854.09725972585
1,0.5,3,351200,1000,10000,4858.87795403387,4858.49757202576,5362.85152651142,1.16567124654786,7.81985495456975,15.551709420211,0.0336,0.1983,493,482,489,36574256,11.7877864837646,4884.09777446512,4854.09725972585
2,0.5,3,351300,1000,500,4837.69664413609,4870.81605869932,5987.54970309224,1.59870970246791,12.6313924332792,15.2726245828918,0.026,0.184,501,489,488,151349488,11.7550811767578,4845.90157652368,4836.02854407592
2,0.5,3,351300,1000,1000,4837.69664413609,4862.28865711529,5987.54970309224,2.01162495238596,12.6313924332792,15.4007515748414,0.027,0.188,501,489,488,151349488,11.7550811767578,4845.90157652368,4836.02854407592
2,0.5,3,351300,1000,2500,4837.69664413609,4856.29115542998,5987.54970309224,1.28414496640391,12.6313924332792,15.3831948684935,0.0276,0.1988,504,493,489,151349488,11.7550811767578,4845.90157652368,4836.02854407592
2,0.5,3,351300,1000,5000,4837.69664413609,4853.58465673286,5115.7805252819,1.69150347457171,5.81881360669749,15.4657390045053,0.0296,0.193,505,492,487,151349488,11.7550811767578,4845.90157652368,4836.02854407592
2,0.5,3,351300,1000,10000,4837.69664413609,4838.45536058203,5115.7805252819,0.499808971179264,5.81881360669749,15.4123844430642,0.0301,0.1955,505,492,487,151349488,11.7550811767578,4845.90157652368,4836.02854407592
4,0.5,3,351500,1000,500,4875.2858094505,4889.24831740949,6196.44295898295,1.40605496485833,13.6995056097651,15.3859225034267,0.032,0.18,490,483,493,551215808,11.9506664276123,4878.13573065555,4874.4199823133
4,0.5,3,351500,1000,1000,4875.2858094505,4889.24831740949,6196.44295898295,1.40605496485833,13.6995056097651,15.8908728270891,0.024,0.183,490,483,493,551215808,11.9506664276123,4878.13573065555,4874.4199823133
4,0.5,3,351500,1000,2500,4875.2858094505,4889.24831740949,5311.3958853735,1.40605496485833,7.01985202331689,15.7522232943784,0.0256,0.1792,490,483,493,551215808,11.9506664276123,4878.13573065555,4874.4199823133
4,0.5,3,351500,1000,5000,4875.2858094505,4882.86754472496,5311.3958853735,1.20332305144381,7.01985202331689,15.8390682046157,0.0246,0.1792,490,482,492,551215808,11.9506664276123,4878.13573065555,4874.4199823133
4,0.5,3,351500,1000,10000,4875.2858094505,4882.86754472496,5286.89560837157,1.20332305144381,7.01207632998453,15.7344690676161,0.0262,0.1861,490,482,492,551215808,11.9506664276123,4878.13573065555,4874.4199823133
0.25,0.75,3,376125,1000,500,6304.47403261459,6316.36749954585,6797.53755667388,1.70785094902035,10.9280222860607,15.683476757933,0.024,0.146,253,240,737,564834.9375,12.1515035629272,6310.13035860045,6301.25918517728
0.25,0.75,3,376125,1000,1000,6304.47403261459,6313.44377426178,6797.53755667388,2.1895785677975,10.9280222860607,15.6606346321424,0.033,0.172,251,238,737,564834.9375,12.1515035629272,6310.13035860045,6301.25918517728
0.25,0.75,3,376125,1000,2500,6304.47403261459,6306.27093026182,6686.23263304989,0.961098135577252,10.2566386197311,15.8922955441745,0.0288,0.1648,254,240,736,564834.9375,12.1515035629272,6310.13035860045,6301.25918517728
0.25,0.75,3,376125,1000,5000,6304.47403261459,6306.06930062164,6686.23263304989,1.85959445185202,10.2566386197311,15.918841166667,0.026,0.1738,253,239,736,564834.9375,12.1515035629272,6310.13035860045,6301.25918517728
0.25,0.75,3,376125,1000,10000,6304.47403261459,6302.66524960245,6404.7739951586,1.34978993563024,5.20817115060779,16.1186215698625,0.0297,0.1755,253,239,736,564834.9375,12.1515035629272,6310.13035860045,6301.25918517728
0.5,0.75,3,376150,1000,500,6272.96970376207,6276.36680878769,6875.34676338183,1.55847824802229,12.1364202773369,15.4754604007763,0.038,0.192,259,244,735,2358644,12.0387601852417,6280.67795359338,6271.5178974313
0.5,0.75,3,376150,1000,1000,6272.96970376207,6275.74577149922,6875.34676338183,0.764957586615521,12.1364202773369,15.4467653034914,0.036,0.2,261,245,734,2358644,12.0387601852417,6280.67795359338,6271.5178974313
0.5,0.75,3,376150,1000,2500,6272.96970376207,6275.74577149922,6315.36066538189,0.764957586615521,2.59474489548444,15.5569566883147,0.0324,0.196,261,245,734,2358644,12.0387601852417,6280.67795359338,6271.5178974313
0.5,0.75,3,376150,1000,5000,6272.96970376207,6275.74577149922,6315.36066538189,0.764957586615521,2.59474489548444,15.6228000543314,0.0322,0.1958,261,245,734,2358644,12.0387601852417,6280.67795359338,6271.5178974313
0.5,0.75,3,376150,1000,10000,6272.96970376207,6275.74577149922,6315.36066538189,0.764957586615521,2.59474489548444,15.672200945273,0.0296,0.1942,261,245,734,2358644,12.0387601852417,6280.67795359338,6271.5178974313
1,0.75,3,376200,1000,500,6285.6610812609,6291.25383014847,7468.00115882197,2.24720981108898,21.8191266176147,15.2017810193654,0.03,0.2,256,241,735,9894513,11.6363201141357,6301.23994610085,6280.18463223118
1,0.75,3,376200,1000,1000,6285.6610812609,6291.25383014847,7370.16113697581,2.24720981108898,19.8456721955082,15.2230985143066,0.035,0.207,256,241,735,9894513,11.6363201141357,6301.23994610085,6280.18463223118
1,0.75,3,376200,1000,2500,6285.6610812609,6290.33645989825,6694.66966678288,2.17737335940959,9.1131217557978,15.5443499971155,0.028,0.1964,261,246,735,9894513,11.6363201141357,6301.23994610085,6280.18463223118
1,0.75,3,376200,1000,5000,6285.6610812609,6281.50171849088,6546.78656089861,1.36490604411836,7.9773344518144,15.6231697304524,0.0266,0.1956,259,244,735,9894513,11.6363201141357,6301.23994610085,6280.18463223118
1,0.75,3,376200,1000,10000,6285.6610812609,6281.44578916887,6546.78656089861,1.35610622744088,7.9773344518144,15.5967657245523,0.0278,0.1966,259,244,735,9894513,11.6363201141357,6301.23994610085,6280.18463223118
2,0.75,3,376300,1000,500,6347.38251127915,6368.18090103635,7238.83975512114,1.96325806222478,17.2406370810538,15.2388718212131,0.036,0.192,251,239,738,33043614,11.7406959533691,6369.19285935757,6345.85849698102
2,0.75,3,376300,1000,1000,6347.38251127915,6351.01108270719,6997.09449431843,1.24101607423267,15.4686761304897,15.3944702440524,0.03,0.197,250,238,738,33043614,11.7406959533691,6369.19285935757,6345.85849698102
2,0.75,3,376300,1000,2500,6347.38251127915,6348.88627170576,6506.81680063989,1.54079852664808,6.28784471200275,15.5156351134216,0.036,0.2024,252,239,737,33043614,11.7406959533691,6369.19285935757,6345.85849698102
2,0.75,3,376300,1000,5000,6347.38251127915,6348.88627170576,6474.98090518837,1.54079852664808,6.36280000340958,15.617420799995,0.0358,0.197,252,239,737,33043614,11.7406959533691,6369.19285935757,6345.85849698102
2,0.75,3,376300,1000,10000,6347.38251127915,6346.51590550305,6474.98090518837,0.9098360624008,6.36280000340958,15.6723839245346,0.0322,0.1959,251,238,737,33043614,11.7406959533691,6369.19285935757,6345.85849698102
4,0.75,3,376500,1000,500,6262.15032348932,6259.40636348043,6811.71340202965,1.31661048976865,12.268373813215,15.6369282947796,0.04,0.176,259,246,737,154787232,11.8284463882446,6268.69952688554,6258.60376905341
4,0.75,3,376500,1000,1000,6262.15032348932,6259.40636348043,6811.71340202965,1.31661048976865,12.268373813215,15.5512134505355,0.035,0.196,259,246,737,154787232,11.8284463882446,6268.69952688554,6258.60376905341
4,0.75,3,376500,1000,2500,6262.15032348932,6259.40636348043,6724.61751813944,1.31661048976865,10.8962661346879,15.4300290704388,0.036,0.2016,259,246,737,154787232,11.8284463882446,6268.69952688554,6258.60376905341
4,0.75,3,376500,1000,5000,6262.15032348932,6259.40636348043,6569.70172948696,1.31661048976865,7.28664670388729,15.3877987618278,0.0344,0.2052,259,246,737,154787232,11.8284463882446,6268.69952688554,6258.60376905341
4,0.75,3,376500,1000,10000,6262.15032348932,6259.40636348043,6538.26444146128,1.31661048976865,7.94341043498708,15.5879694095178,0.0322,0.198,259,246,737,154787232,11.8284463882446,6268.69952688554,6258.60376905341
0.25,0.85,3,386125,1000,500,6914.78023751003,6924.92058005065,6993.6284477273,2.29276042417855,6.36543048903414,16.2489655154702,0.036,0.18,158,143,835,165063.234375,11.854866027832,6927.01436680661,6912.46602813629
0.25,0.85,3,386125,1000,1000,6914.78023751003,6917.91359437301,6993.6284477273,1.12844905663695,6.36543048903414,16.5080002182716,0.036,0.168,160,145,835,165063.234375,11.854866027832,6927.01436680661,6912.46602813629
0.25,0.85,3,386125,1000,2500,6914.78023751003,6916.3510620708,6993.6284477273,1.36540337698164,6.36543048903414,16.4765965577936,0.0216,0.1724,161,144,833,165063.234375,11.854866027832,6927.01436680661,6912.46602813629
0.25,0.85,3,386125,1000,5000,6914.78023751003,6916.3510620708,6975.55107586416,1.36540337698164,5.39605116845858,16.3689938846246,0.0222,0.173,161,144,833,165063.234375,11.854866027832,6927.01436680661,6912.46602813629
0.25,0.85,3,386125,1000,10000,6914.78023751003,6916.30520899624,6975.55107586416,2.24866643794256,5.39605116845858,16.3921586107734,0.0255,0.1732,157,144,837,165063.234375,11.854866027832,6927.01436680661,6912.46602813629
0.5,0.85,3,386150,1000,500,6862.83087138101,6868.67116645388,7166.98552774077,2.63437666957986,12.7299088023414,16.4594331390834,0.038,0.172,162,147,835,835915.875,11.810154914856,6861.9089317438,6855.68392088936
0.5,0.85,3,386150,1000,1000,6862.83087138101,6863.27753774843,7166.98552774077,0.812899765358508,12.7299088023414,16.3457164888069,0.036,0.184,161,147,836,835915.875,11.810154914856,6861.9089317438,6855.68392088936
0.5,0.85,3,386150,1000,2500,6862.83087138101,6862.18515475628,7166.98552774077,2.36792399063107,12.7299088023414,16.0490866794747,0.0292,0.188,163,148,835,835915.875,11.810154914856,6861.9089317438,6855.68392088936
0.5,0.85,3,386150,1000,5000,6862.83087138101,6856.18298522448,7083.47774426075,1.69655633783633,8.75058512042262,16.1715490829131,0.0264,0.178,162,148,836,835915.875,11.810154914856,6861.9089317438,6855.68392088936
0.5,0.85,3,386150,1000,10000,6862.83087138101,6856.18298522448,7083.47774426075,1.69655633783633,8.75058512042262,16.208407404903,0.0258,0.1743,162,148,836,835915.875,11.810154914856,6861.9089317438,6855.68392088936
1,0.85,3,386200,1000,500,6895.13811944695,6913.75925954287,7668.59019804805,2.66343029968123,39.5685124078057,15.4542631210267,0.032,0.204,160,145,835,3263889.5,11.7500047683716,6902.6444864721,6894.67292965792
1,0.85,3,386200,1000,1000,6895.13811944695,6899.84411337721,7623.62132889552,1.88206255931075,29.5343349882391,15.6994572045836,0.036,0.192,161,145,834,3263889.5,11.7500047683716,6902.6444864721,6894.67292965792
1,0.85,3,386200,1000,2500,6895.13811944695,6896.98313790231,7088.10907142539,1.23328797548319,8.67291163657003,15.7186980153959,0.0324,0.1772,160,144,834,3263889.5,11.7500047683716,6902.6444864721,6894.67292965792
1,0.85,3,386200,1000,5000,6895.13811944695,6896.98313790231,7062.17233366316,1.23328797548319,8.97173941273831,15.6470492170313,0.0332,0.1868,160,144,834,3263889.5,11.7500047683716,6902.6444864721,6894.67292965792
1,0.85,3,386200,1000,10000,6895.13811944695,6895.97388360444,6943.97332777183,0.608661969234144,4.7729911220423,15.8472600211295,0.0317,0.1823,163,146,833,3263889.5,11.7500047683716,6902.6444864721,6894.67292965792
2,0.85,3,386300,1000,500,6879.74157185698,6886.71586866428,7649.59244822442,1.46209028731985,28.3707671838643,15.6150045388227,0.04,0.198,166,145,829,12985149,11.867790222168,6888.2448182344,6878.19125358979
2,0.85,3,386300,1000,1000,6879.74157185698,6886.61464376881,7341.5290073204,2.61479186153381,16.3125213861108,15.9180785709742,0.035,0.193,165,142,827,12985149,11.867790222168,6888.2448182344,6878.19125358979
2,0.85,3,386300,1000,2500,6879.74157185698,6880.59113156112,7337.79349202214,1.87137022225843,16.581009335802,15.3728488929185,0.0328,0.192,164,142,828,12985149,11.867790222168,6888.2448182344,6878.19125358979
2,0.85,3,386300,1000,5000,6879.74157185698,6880.59113156112,6942.32925728968,1.87137022225843,4.99352587092567,15.4855852659859,0.029,0.1916,164,142,828,12985149,11.867790222168,6888.2448182344,6878.19125358979
2,0.85,3,386300,1000,10000,6879.74157185698,6879.799734987,6942.32925728968,1.16562397110167,4.99352587092567,15.4549440658952,0.0316,0.1989,164,144,830,12985149,11.867790222168,6888.2448182344,6878.19125358979
4,0.85,3,386500,1000,500,6900.32706749322,6903.89287476872,7468.3847443419,1.65976161413558,19.0878177105471,15.2635182838582,0.048,0.208,159,145,836,50772192,12.0866661071777,6904.86921395511,6899.56375775307
4,0.85,3,386500,1000,1000,6900.32706749322,6903.89287476872,7467.89428364719,1.65976161413558,20.5288949876182,15.4558933293327,0.034,0.194,159,145,836,50772192,12.0866661071777,6904.86921395511,6899.56375775307
4,0.85,3,386500,1000,2500,6900.32706749322,6903.89287476872,6999.91825594864,1.65976161413558,6.13325118720669,15.2375092663509,0.0316,0.2012,159,145,836,50772192,12.0866661071777,6904.86921395511,6899.56375775307
4,0.85,3,386500,1000,5000,6900.32706749322,6903.89287476872,6999.91825594864,1.65976161413558,6.13325118720669,15.3990361847258,0.0308,0.197,159,145,836,50772192,12.0866661071777,6904.86921395511,6899.56375775307
4,0.85,3,386500,1000,10000,6900.32706749322,6901.13758650223,6999.91825594864,0.998292342706912,6.13325118720669,15.3565718364812,0.0308,0.2011,157,145,838,50772192,12.0866661071777,6904.86921395511,6899.56375775307
0.25,0.25,4,426125,1000,500,3362.73470744073,3405.54609068085,6769.51557374636,1.79458958751898,22.5923698597724,15.6809689562026,0.036,0.202,739,734,245,5488513.5,12.1198835372925,3458.18060548558,3364.74451624202
0.25,0.25,4,426125,1000,1000,3362.73470744073,3405.54609068085,5817.65253752673,1.79458958751898,15.4404926260397,15.6112867183818,0.025,0.195,739,734,245,5488513.5,12.1198835372925,3458.18060548558,3364.74451624202
0.25,0.25,4,426125,1000,2500,3362.73470744073,3379.03819657177,5244.81909321553,1.04763403633849,12.7945877687702,15.5344391344582,0.0268,0.1984,740,734,244,5488513.5,12.1198835372925,3458.18060548558,3364.74451624202
0.25,0.25,4,426125,1000,5000,3362.73470744073,3370.68576998708,3789.31427272746,0.798449777489762,5.78526015830367,15.6406978418405,0.0266,0.189,740,734,244,5488513.5,12.1198835372925,3458.18060548558,3364.74451624202
0.25,0.25,4,426125,1000,10000,3362.73470744073,3370.68576998708,3789.31427272746,0.798449777489762,5.78526015830367,15.6582567140247,0.0277,0.1909,740,734,244,5488513.5,12.1198835372925,3458.18060548558,3364.74451624202
0.5,0.25,4,426150,1000,500,3422.85367080065,3474.47937716861,5501.7750101415,2.34764953939335,14.2926159816328,15.189541856002,0.03,0.184,737,733,246,20890526,11.8687686920166,3421.32294366679,3421.18395878294
0.5,0.25,4,426150,1000,1000,3422.85367080065,3437.93553890469,5501.7750101415,1.5690461576575,14.2926159816328,15.3301079771755,0.033,0.193,738,734,246,20890526,11.8687686920166,3421.32294366679,3421.18395878294
0.5,0.25,4,426150,1000,2500,3422.85367080065,3437.93553890469,5501.7750101415,1.5690461576575,14.2926159816328,15.3301079771755,0.0324,0.1992,738,734,246,20890526,11.8687686920166,3421.32294366679,3421.18395878294
0.5,0.25,4,426150,1000,5000,3422.85367080065,3421.67278425621,4100.23297236202,0.460494615988656,7.06803302346215,15.4559506154328,0.0302,0.2014,742,737,245,20890526,11.8687686920166,3421.32294366679,3421.18395878294
0.5,0.25,4,426150,1000,10000,3422.85367080065,3421.67278425621,3855.02363185575,0.460494615988656,5.80785517093813,15.4285379917737,0.0283,0.1979,742,737,245,20890526,11.8687686920166,3421.32294366679,3421.18395878294
1,0.25,4,426200,1000,500,3454.50448617158,3455.08827414437,4668.88195930461,0.7827193754436,10.3065340285131,15.2505818748055,0.028,0.19,736,733,247,77146624,11.9456748962402,3480.99832294394,3450.03247438692
1,0.25,4,426200,1000,1000,3454.50448617158,3455.08827414437,4335.70860516188,0.7827193754436,8.75641437193392,15.2380913844075,0.028,0.191,736,733,247,77146624,11.9456748962402,3480.99832294394,3450.03247438692
1,0.25,4,426200,1000,2500,3454.50448617158,3455.08827414437,3537.13472034475,0.7827193754436,2.6537442792758,15.419437347202,0.0276,0.1912,736,733,247,77146624,11.9456748962402,3480.99832294394,3450.03247438692
1,0.25,4,426200,1000,5000,3454.50448617158,3455.08827414437,3537.13472034475,0.7827193754436,2.6537442792758,15.3198402429821,0.0322,0.2004,736,733,247,77146624,11.9456748962402,3480.99832294394,3450.03247438692
1,0.25,4,426200,1000,10000,3454.50448617158,3451.80284579283,3537.13472034475,0.853772362843939,2.6537442792758,15.3956563745649,0.0313,0.1954,735,733,248,77146624,11.9456748962402,3480.99832294394,3450.03247438692
2,0.25,4,426300,1000,500,3411.81210705411,3461.79402200085,4233.15038093762,1.86265816700839,8.36476586723443,15.6216150279504,0.018,0.18,740,736,246,317062016,12.0256872177124,3451.19762502378,3411.84430824077
2,0.25,4,426300,1000,1000,3411.81210705411,3429.68406393932,4233.15038093762,1.45322002794158,8.36476586723443,15.3950819782888,0.021,0.172,741,738,247,317062016,12.0256872177124,3451.19762502378,3411.84430824077
2,0.25,4,426300,1000,2500,3411.81210705411,3429.68406393932,4233.15038093762,1.45322002794158,8.36476586723443,15.7477274302106,0.0236,0.1852,741,738,247,317062016,12.0256872177124,3451.19762502378,3411.84430824077
2,0.25,4,426300,1000,5000,3411.81210705411,3422.86685897163,4233.15038093762,0.989606441828612,8.36476586723443,15.7949169779795,0.024,0.19,742,739,247,317062016,12.0256872177124,3451.19762502378,3411.84430824077
2,0.25,4,426300,1000,10000,3411.81210705411,3422.86685897163,3672.17013257178,0.989606441828612,4.59816819935494,15.5734795133941,0.0255,0.1927,742,739,247,317062016,12.0256872177124,3451.19762502378,3411.84430824077
4,0.25,4,426500,1000,500,3524.67177382324,3608.74513591336,4776.51014648952,2.52389406752052,10.4480956278414,15.5269893214263,0.026,0.2,729,728,249,1237290752,11.8335018157959,3562.54363553318,3524.24598385646
4,0.25,4,426500,1000,1000,3524.67177382324,3549.17776911599,4776.51014648952,1.09949642646431,10.4480956278414,15.6419449834955,0.026,0.188,726,726,250,1237290752,11.8335018157959,3562.54363553318,3524.24598385646
4,0.25,4,426500,1000,2500,3524.67177382324,3535.49359878933,4776.51014648952,0.676267900227808,10.4480956278414,15.1702600689298,0.0328,0.2132,728,728,250,1237290752,11.8335018157959,3562.54363553318,3524.24598385646
4,0.25,4,426500,1000,5000,3524.67177382324,3529.35021486084,4776.51014648952,1.03819135229082,10.4480956278414,15.1657222043892,0.034,0.2066,724,724,250,1237290752,11.8335018157959,3562.54363553318,3524.24598385646
4,0.25,4,426500,1000,10000,3524.67177382324,3529.35021486084,4776.51014648952,1.03819135229082,10.4480956278414,15.279741205886,0.0317,0.2055,724,724,250,1237290752,11.8335018157959,3562.54363553318,3524.24598385646
0.25,0.5,4,451125,1000,500,4810.75997322476,4834.77520101715,6300.6454925808,2.35529263131575,13.8985965231658,16.1155787542263,0.034,0.188,499,489,490,2410952,11.7421913146973,4815.22890260463,4805.2367487377
0.25,0.5,4,451125,1000,1000,4810.75997322476,4819.44264301739,6300.6454925808,0.924564508910475,13.8985965231658,15.9536125799812,0.034,0.198,502,493,491,2410952,11.7421913146973,4815.22890260463,4805.2367487377
0.25,0.5,4,451125,1000,2500,4810.75997322476,4818.59021920143,5925.54755036308,1.85703115523843,12.27991597348,15.6494534213633,0.0308,0.192,497,488,491,2410952,11.7421913146973,4815.22890260463,4805.2367487377
0.25,0.5,4,451125,1000,5000,4810.75997322476,4806.38732994961,4848.14315843931,1.05541140314926,2.07316681656819,15.6802766298715,0.0276,0.1884,497,488,491,2410952,11.7421913146973,4815.22890260463,4805.2367487377
0.25,0.5,4,451125,1000,10000,4810.75997322476,4806.38732994961,4848.14315843931,1.05541140314926,2.07316681656819,15.7387547376701,0.0271,0.1874,497,488,491,2410952,11.7421913146973,4815.22890260463,4805.2367487377
0.5,0.5,4,451150,1000,500,4896.64603603021,4946.85597024841,6646.33709972255,2.28368236804993,17.0200712072239,15.672426575087,0.03,0.174,496,490,494,8675556,11.7343845367432,4929.09314116348,4896.68463441672
0.5,0.5,4,451150,1000,1000,4896.64603603021,4920.80707068767,6646.33709972255,1.75462584634602,17.0200712072239,15.8623622942465,0.027,0.17,499,493,494,8675556,11.7343845367432,4929.09314116348,4896.68463441672
0.5,0.5,4,451150,1000,2500,4896.64603603021,4916.08547549876,6646.33709972255,1.31689144984731,17.0200712072239,15.7975531509656,0.0276,0.1836,496,491,495,8675556,11.7343845367432,4929.09314116348,4896.68463441672
0.5,0.5,4,451150,1000,5000,4896.64603603021,4907.95162436142,5744.7995767971,1.27947745313072,10.3854617824999,15.5510210208438,0.0288,0.1832,499,493,494,8675556,11.7343845367432,4929.09314116348,4896.68463441672
0.5,0.5,4,451150,1000,10000,4896.64603603021,4902.27005299315,5192.45452267939,0.78820402121511,5.93428340433986,15.6102639392944,0.0277,0.187,498,493,495,8675556,11.7343845367432,4929.09314116348,4896.68463441672
1,0.5,4,451200,1000,500,4861.91002628168,4874.62984736395,7134.94582880345,1.19861345137231,22.6870073363501,14.6746444250683,0.036,0.23,498,492,494,36963360,11.9898700714111,4933.15257080008,4859.83776527596
1,0.5,4,451200,1000,1000,4861.91002628168,4874.62984736395,6664.3745640366,1.19861345137231,17.4229541199488,15.5446308455898,0.042,0.213,498,492,494,36963360,11.9898700714111,4933.15257080008,4859.83776527596
1,0.5,4,451200,1000,2500,4861.91002628168,4862.47997254077,5225.22138103867,0.709240351861138,6.85412435928408,15.8583388704146,0.032,0.194,497,491,494,36963360,11.9898700714111,4933.15257080008,4859.83776527596
1,0.5,4,451200,1000,5000,4861.91002628168,4862.47997254077,4937.67994161429,0.709240351861138,3.08302630094225,15.5384284715611,0.0368,0.202,497,491,494,36963360,11.9898700714111,4933.15257080008,4859.83776527596
1,0.5,4,451200,1000,10000,4861.91002628168,4862.47997254077,4937.67994161429,0.709240351861138,3.08302630094225,15.6126766866676,0.0327,0.1926,497,491,494,36963360,11.9898700714111,4933.15257080008,4859.83776527596
2,0.5,4,451300,1000,500,4875.8602591914,4916.06245243658,6192.03319142354,2.69355807672628,14.6419448469491,16.5071853678111,0.022,0.154,487,482,495,141768912,12.0983858108521,4980.52732256745,4864.0449780943
2,0.5,4,451300,1000,1000,4875.8602591914,4884.22768196145,6192.03319142354,2.51236013048503,14.6419448469491,16.4451533270108,0.025,0.159,492,487,495,141768912,12.0983858108521,4980.52732256745,4864.0449780943
2,0.5,4,451300,1000,2500,4875.8602591914,4884.22768196145,6192.03319142354,2.51236013048503,14.6419448469491,16.1276570036231,0.0232,0.1796,492,487,495,141768912,12.0983858108521,4980.52732256745,4864.0449780943
2,0.5,4,451300,1000,5000,4875.8602591914,4876.31691990582,4866.91106703145,1.65214590021705,1.17230878525508,15.8361770146368,0.025,0.1882,495,490,495,141768912,12.0983858108521,4980.52732256745,4864.0449780943
2,0.5,4,451300,1000,10000,4875.8602591914,4876.23761099015,4866.91106703145,2.13757537111322,1.17230878525508,15.6898327349775,0.0272,0.1922,493,488,495,141768912,12.0983858108521,4980.52732256745,4864.0449780943
4,0.5,4,451500,1000,500,4842.48685864574,4857.13105797478,5358.17379071745,0.855957090898915,7.87913425746868,15.2924006641435,0.034,0.198,502,490,488,572367168,11.7524032592773,4851.11616722789,4839.99271611084
4,0.5,4,451500,1000,1000,4842.48685864574,4857.13105797478,5358.17379071745,0.855957090898915,7.87913425746868,15.1418175341129,0.033,0.199,502,490,488,572367168,11.7524032592773,4851.11616722789,4839.99271611084
4,0.5,4,451500,1000,2500,4842.48685864574,4857.13105797478,5358.17379071745,0.855957090898915,7.87913425746868,15.2255859132388,0.032,0.1956,502,490,488,572367168,11.7524032592773,4851.11616722789,4839.99271611084
4,0.5,4,451500,1000,5000,4842.48685864574,4856.44459937325,5358.17379071745,0.859262052350632,7.87913425746868,15.2265515029977,0.0308,0.2028,505,493,488,572367168,11.7524032592773,4851.11616722789,4839.99271611084
4,0.5,4,451500,1000,10000,4842.48685864574,4845.99222163037,5358.17379071745,0.978969878375284,7.87913425746868,15.2671170388969,0.0298,0.2016,503,492,489,572367168,11.7524032592773,4851.11616722789,4839.99271611084
0.25,0.75,4,476125,1000,500,6327.76435154341,6342.73559542039,7358.6920156605,2.35657104936218,23.0097586995317,15.9636390226354,0.02,0.178,260,242,732,535966.5625,12.1882133483887,6330.09347105541,6325.30085169296
0.25,0.75,4,476125,1000,1000,6327.76435154341,6326.97954998315,7113.71369195085,1.26966223222782,15.627013460572,16.1113944905536,0.023,0.185,261,242,731,535966.5625,12.1882133483887,6330.09347105541,6325.30085169296
0.25,0.75,4,476125,1000,2500,6327.76435154341,6326.97954998315,6532.75982591537,1.26966223222782,8.04615059675217,16.2056837084475,0.0224,0.1712,261,242,731,535966.5625,12.1882133483887,6330.09347105541,6325.30085169296
0.25,0.75,4,476125,1000,5000,6327.76435154341,6326.97954998315,6532.75982591537,1.26966223222782,8.04615059675217,15.8331686037595,0.028,0.1888,261,242,731,535966.5625,12.1882133483887,6330.09347105541,6325.30085169296
0.25,0.75,4,476125,1000,10000,6327.76435154341,6326.97954998315,6532.75982591537,1.26966223222782,8.04615059675217,15.8013457129668,0.028,0.1868,261,242,731,535966.5625,12.1882133483887,6330.09347105541,6325.30085169296
0.5,0.75,4,476150,1000,500,6251.77370152593,6264.85810131636,7289.30876636434,2.34610611290812,18.9694935432211,15.5749530923073,0.03,0.178,262,244,732,2434836.75,11.380223274231,6261.27749837466,6250.30728334448
0.5,0.75,4,476150,1000,1000,6251.77370152593,6264.85810131636,6703.02201449105,2.34610611290812,11.6354506864826,15.5883495966988,0.034,0.188,262,244,732,2434836.75,11.380223274231,6261.27749837466,6250.30728334448
0.5,0.75,4,476150,1000,2500,6251.77370152593,6256.04236336825,6577.33183362238,0.631528825613081,9.2759605660196,15.5166802446549,0.0336,0.1984,263,245,732,2434836.75,11.380223274231,6261.27749837466,6250.30728334448
0.5,0.75,4,476150,1000,5000,6251.77370152593,6250.9562242996,6577.33183362238,0.521760586507407,9.2759605660196,15.7433289455865,0.0286,0.1912,264,245,731,2434836.75,11.380223274231,6261.27749837466,6250.30728334448
0.5,0.75,4,476150,1000,10000,6251.77370152593,6250.9562242996,6577.33183362238,0.521760586507407,9.2759605660196,15.6903433754682,0.0296,0.1908,264,245,731,2434836.75,11.380223274231,6261.27749837466,6250.30728334448
1,0.75,4,476200,1000,500,6207.63639582766,6225.04800499394,6529.96621216834,2.13835693649882,9.22996043958866,15.364905153093,0.028,0.2,266,245,729,10403037,11.6184368133545,6218.12900455179,6203.92234451412
1,0.75,4,476200,1000,1000,6207.63639582766,6216.19553465894,6529.96621216834,1.51532560014726,9.22996043958866,16.0031066567789,0.037,0.185,268,246,728,10403037,11.6184368133545,6218.12900455179,6203.92234451412
1,0.75,4,476200,1000,2500,6207.63639582766,6206.11354444821,6529.96621216834,1.20681704054825,9.22996043958866,15.760046030223,0.0376,0.1956,270,248,728,10403037,11.6184368133545,6218.12900455179,6203.92234451412
1,0.75,4,476200,1000,5000,6207.63639582766,6206.11354444821,6472.15660446649,1.20681704054825,6.57833798821132,15.8125196255014,0.0358,0.1936,270,248,728,10403037,11.6184368133545,6218.12900455179,6203.92234451412
1,0.75,4,476200,1000,10000,6207.63639582766,6206.11354444821,6413.15777260791,1.20681704054825,6.80741148980212,15.8084995517406,0.0328,0.1882,270,248,728,10403037,11.6184368133545,6218.12900455179,6203.92234451412
2,0.75,4,476300,1000,500,6259.84941788262,6269.65085480286,6879.43713617433,1.61381891883406,12.6054235018964,15.4687229958704,0.022,0.164,262,245,733,41218344,11.9562911987305,6310.25637916752,6258.93324941623
2,0.75,4,476300,1000,1000,6259.84941788262,6269.65085480286,6879.43713617433,1.61381891883406,12.6054235018964,15.249345446702,0.027,0.18,262,245,733,41218344,11.9562911987305,6310.25637916752,6258.93324941623
2,0.75,4,476300,1000,2500,6259.84941788262,6269.65085480286,6879.43713617433,1.61381891883406,12.6054235018964,15.4834475087794,0.026,0.1896,262,245,733,41218344,11.9562911987305,6310.25637916752,6258.93324941623
2,0.75,4,476300,1000,5000,6259.84941788262,6260.17160602784,6425.93973440638,0.639989600389367,6.56840801404784,15.5939194098413,0.0262,0.1908,261,244,733,41218344,11.9562911987305,6310.25637916752,6258.93324941623
2,0.75,4,476300,1000,10000,6259.84941788262,6260.17160602784,6425.93973440638,0.639989600389367,6.56840801404784,15.6457839994774,0.0284,0.1919,261,244,733,41218344,11.9562911987305,6310.25637916752,6258.93324941623
4,0.75,4,476500,1000,500,6284.55874762669,6305.88298410535,7092.17108539319,3.57270549011867,16.4106496415296,15.7560629234529,0.026,0.186,256,241,735,147503152,11.6016464233398,6302.30734142052,6277.91826417154
4,0.75,4,476500,1000,1000,6284.55874762669,6288.41724652175,7092.17108539319,1.4970804920434,16.4106496415296,15.3034986957991,0.029,0.196,255,242,737,147503152,11.6016464233398,6302.30734142052,6277.91826417154
4,0.75,4,476500,1000,2500,6284.55874762669,6288.30952692212,6678.20909546405,1.98618633889298,9.80806573787957,15.4872065620638,0.0296,0.198,256,243,737,147503152,11.6016464233398,6302.30734142052,6277.91826417154
4,0.75,4,476500,1000,5000,6284.55874762669,6280.18401244582,6628.91813277193,1.37326098174292,9.73240122706366,15.3840989623287,0.0296,0.196,257,243,736,147503152,11.6016464233398,6302.30734142052,6277.91826417154
4,0.75,4,476500,1000,10000,6284.55874762669,6280.18401244582,6628.91813277193,1.37326098174292,9.73240122706366,15.5223340270595,0.0306,0.1922,257,243,736,147503152,11.6016464233398,6302.30734142052,6277.91826417154
0.25,0.85,4,486125,1000,500,6847.23720452561,6862.18154780969,7225.82266220598,2.18910678981136,13.4611601096435,16.2011105788716,0.026,0.168,163,147,834,211656.78125,12.0660943984985,6848.86642587531,6843.8636318131
0.25,0.85,4,486125,1000,1000,6847.23720452561,6848.3385645566,7225.82266220598,2.25783211783644,13.4611601096435,16.4731388585804,0.026,0.16,165,149,834,211656.78125,12.0660943984985,6848.86642587531,6843.8636318131
0.25,0.85,4,486125,1000,2500,6847.23720452561,6844.78962579339,6901.9440634941,1.79696547331256,4.28013461629645,16.2539953166374,0.026,0.1668,165,149,834,211656.78125,12.0660943984985,6848.86642587531,6843.8636318131
0.25,0.85,4,486125,1000,5000,6847.23720452561,6844.78962579339,6901.9440634941,1.79696547331256,4.28013461629645,16.2773433005993,0.025,0.1704,165,149,834,211656.78125,12.0660943984985,6848.86642587531,6843.8636318131
0.25,0.85,4,486125,1000,10000,6847.23720452561,6844.78962579339,6901.9440634941,1.79696547331256,4.28013461629645,16.2942659558059,0.0259,0.1706,165,149,834,211656.78125,12.0660943984985,6848.86642587531,6843.8636318131
0.5,0.85,4,486150,1000,500,6906.29270653606,6915.41089050115,7003.23232338742,3.543021190326,4.74216869796215,15.7887222402507,0.024,0.19,163,144,831,750377,11.8835535049438,6915.0720586893,6899.00120132515
0.5,0.85,4,486150,1000,1000,6906.29270653606,6908.83264477831,7003.23232338742,0.796133268935375,4.74216869796215,15.5180579296606,0.026,0.193,166,147,831,750377,11.8835535049438,6915.0720586893,6899.00120132515
0.5,0.85,4,486150,1000,2500,6906.29270653606,6908.34814770172,7003.23232338742,2.48910112674769,4.74216869796215,15.9144562315949,0.026,0.1908,165,146,831,750377,11.8835535049438,6915.0720586893,6899.00120132515
0.5,0.85,4,486150,1000,5000,6906.29270653606,6902.78851051431,7003.23232338742,2.41558005067943,4.74216869796215,15.9979236341125,0.0288,0.1826,167,147,830,750377,11.8835535049438,6915.0720586893,6899.00120132515
0.5,0.85,4,486150,1000,10000,6906.29270653606,6902.78851051431,7003.23232338742,2.41558005067943,4.74216869796215,15.9355458493914,0.0263,0.1831,167,147,830,750377,11.8835535049438,6915.0720586893,6899.00120132515
1,0.85,4,486200,1000,500,6883.05634624369,6881.74315074235,7444.85111407717,1.58082755203224,18.2018832803488,16.2879277300939,0.026,0.202,164,147,833,3131271.5,12.137020111084,6896.05533054629,6880.27358921717
1,0.85,4,486200,1000,1000,6883.05634624369,6881.74315074235,7444.85111407717,1.58082755203224,18.2018832803488,16.1316075137868,0.028,0.197,164,147,833,3131271.5,12.137020111084,6896.05533054629,6880.27358921717
1,0.85,4,486200,1000,2500,6883.05634624369,6881.74315074235,7247.47612546839,1.58082755203224,11.9385901424996,15.7816484734712,0.026,0.1956,164,147,833,3131271.5,12.137020111084,6896.05533054629,6880.27358921717
1,0.85,4,486200,1000,5000,6883.05634624369,6881.74315074235,7247.47612546839,1.58082755203224,11.9385901424996,15.7540980136419,0.0266,0.1938,164,147,833,3131271.5,12.137020111084,6896.05533054629,6880.27358921717
1,0.85,4,486200,1000,10000,6883.05634624369,6881.74315074235,7100.36829811539,1.58082755203224,9.38062413027443,15.7249977236198,0.026,0.1883,164,147,833,3131271.5,12.137020111084,6896.05533054629,6880.27358921717
2,0.85,4,486300,1000,500,6881.08469442521,6883.52826503531,7564.45019662913,1.31951666177254,21.9816618829311,15.8368260610451,0.04,0.178,162,146,834,12769603,11.5931606292725,6891.28081876988,6879.80790975702
2,0.85,4,486300,1000,1000,6881.08469442521,6883.52826503531,7098.78367088388,1.31951666177254,8.71390128438177,16.0092551430269,0.03,0.179,162,146,834,12769603,11.5931606292725,6891.28081876988,6879.80790975702
2,0.85,4,486300,1000,2500,6881.08469442521,6883.52826503531,7098.78367088388,1.31951666177254,8.71390128438177,16.0820976063186,0.0264,0.186,162,146,834,12769603,11.5931606292725,6891.28081876988,6879.80790975702
2,0.85,4,486300,1000,5000,6881.08469442521,6881.69686859321,7068.9252287286,0.735400503481771,8.27835146542363,15.8369507520622,0.0266,0.1876,161,147,836,12769603,11.5931606292725,6891.28081876988,6879.80790975702
2,0.85,4,486300,1000,10000,6881.08469442521,6881.69686859321,7062.49677402057,0.735400503481771,8.76045736222595,15.7731091504813,0.0291,0.1896,161,147,836,12769603,11.5931606292725,6891.28081876988,6879.80790975702
4,0.85,4,486500,1000,500,6872.44061357259,6871.08400297854,7568.57682646533,1.39176435014187,25.700923416046,16.0949774552627,0.034,0.18,160,147,837,57675300,11.7466716766357,6868.00845119303,6867.031880295
4,0.85,4,486500,1000,1000,6872.44061357259,6871.08400297854,7280.37757202515,1.39176435014187,15.1572917541257,15.7314044021146,0.031,0.185,160,147,837,57675300,11.7466716766357,6868.00845119303,6867.031880295
4,0.85,4,486500,1000,2500,6872.44061357259,6871.08400297854,7280.37757202515,1.39176435014187,15.1572917541257,16.0150562846916,0.0268,0.182,160,147,837,57675300,11.7466716766357,6868.00845119303,6867.031880295
4,0.85,4,486500,1000,5000,6872.44061357259,6867.88464254723,7052.55245092286,1.71806438322816,9.83096546648382,15.7892170550801,0.0272,0.188,160,147,837,57675300,11.7466716766357,6868.00845119303,6867.031880295
4,0.85,4,486500,1000,10000,6872.44061357259,6867.88464254723,7052.55245092286,1.71806438322816,9.83096546648382,15.7908607244743,0.0303,0.1876,160,147,837,57675300,11.7466716766357,6868.00845119303,6867.031880295
0.25,0.25,5,526125,1000,500,3447.66403399841,3455.23525195287,6491.36057969358,1.22402415615263,19.5148338833213,16.2073501720079,0.034,0.174,737,731,244,4970550.5,11.8333396911621,3473.5445787345,3444.93397443818
0.25,0.25,5,526125,1000,1000,3447.66403399841,3455.23525195287,4095.24517171744,1.22402415615263,7.28777143791824,16.0104114546634,0.032,0.182,737,731,244,4970550.5,11.8333396911621,3473.5445787345,3444.93397443818
0.25,0.25,5,526125,1000,2500,3447.66403399841,3455.23525195287,4095.24517171744,1.22402415615263,7.28777143791824,15.9246365242702,0.028,0.186,737,731,244,4970550.5,11.8333396911621,3473.5445787345,3444.93397443818
0.25,0.25,5,526125,1000,5000,3447.66403399841,3455.23525195287,3845.30859246733,1.22402415615263,5.56053686550064,15.7878425943361,0.0302,0.1912,737,731,244,4970550.5,11.8333396911621,3473.5445787345,3444.93397443818
0.25,0.25,5,526125,1000,10000,3447.66403399841,3447.18818945039,3597.75968586281,0.766954055296815,3.54462389898723,15.7085499268771,0.0292,0.1843,736,731,245,4970550.5,11.8333396911621,3473.5445787345,3444.93397443818
0.5,0.25,5,526150,1000,500,3496.52252044069,3574.43631036668,6654.91547982307,2.58471341068943,20.7682604724549,15.8000928340373,0.028,0.158,737,732,245,18497500,11.5519599914551,3558.83732401803,3495.19368021442
0.5,0.25,5,526150,1000,1000,3496.52252044069,3574.43631036668,6581.04549380705,2.58471341068943,20.1402239435303,15.6953836671957,0.024,0.163,737,732,245,18497500,11.5519599914551,3558.83732401803,3495.19368021442
0.5,0.25,5,526150,1000,2500,3496.52252044069,3544.78770859058,4996.91022435366,1.59516856238904,11.4651442767289,15.6284040146167,0.0232,0.18,738,733,245,18497500,11.5519599914551,3558.83732401803,3495.19368021442
0.5,0.25,5,526150,1000,5000,3496.52252044069,3532.24824289107,4749.69580333996,1.9690459386294,10.4781273907414,15.5570743241103,0.0286,0.1908,735,730,245,18497500,11.5519599914551,3558.83732401803,3495.19368021442
0.5,0.25,5,526150,1000,10000,3496.52252044069,3506.04420877378,4749.69580333996,1.25772404354695,10.4781273907414,15.4344108594248,0.0296,0.1926,738,733,245,18497500,11.5519599914551,3558.83732401803,3495.19368021442
1,0.25,5,526200,1000,500,3410.54371936698,3434.52968275281,5740.69925785756,1.3277404539903,15.532466190697,15.4745925818791,0.038,0.206,739,735,246,79648144,11.8823194503784,3445.64438140951,3410.60262106164
1,0.25,5,526200,1000,1000,3410.54371936698,3428.36654928887,5740.69925785756,1.3335471378823,15.532466190697,15.3440756825621,0.04,0.203,741,736,245,79648144,11.8823194503784,3445.64438140951,3410.60262106164
1,0.25,5,526200,1000,2500,3410.54371936698,3424.19820644106,5265.06468247872,1.04062324241309,12.9428301845366,15.4253629112065,0.0324,0.1988,743,738,245,79648144,11.8823194503784,3445.64438140951,3410.60262106164
1,0.25,5,526200,1000,5000,3410.54371936698,3424.19820644106,4110.60388694914,1.04062324241309,7.51693008960363,15.5223365011063,0.0316,0.199,743,738,245,79648144,11.8823194503784,3445.64438140951,3410.60262106164
1,0.25,5,526200,1000,10000,3410.54371936698,3415.16332185175,4110.60388694914,0.779516606785352,7.51693008960363,15.5108308626372,0.0327,0.1928,741,736,245,79648144,11.8823194503784,3445.64438140951,3410.60262106164
2,0.25,5,526300,1000,500,3517.83476016568,3569.75306230262,6192.13419464354,2.34075138225107,17.5552268008944,15.1240412326356,0.026,0.208,729,727,248,304874368,11.7624826431274,3544.16727851897,3517.55249525905
2,0.25,5,526300,1000,1000,3517.83476016568,3554.59087115206,6192.13419464354,1.53873978002598,17.5552268008944,15.2953129681195,0.022,0.201,736,733,247,304874368,11.7624826431274,3544.16727851897,3517.55249525905
2,0.25,5,526300,1000,2500,3517.83476016568,3528.816527177,4389.51126439177,0.934975746046294,8.18474711871295,15.0295737702834,0.0372,0.2172,731,729,248,304874368,11.7624826431274,3544.16727851897,3517.55249525905
2,0.25,5,526300,1000,5000,3517.83476016568,3528.816527177,4389.51126439177,0.934975746046294,8.18474711871295,15.2283726965234,0.0328,0.2104,731,729,248,304874368,11.7624826431274,3544.16727851897,3517.55249525905
2,0.25,5,526300,1000,10000,3517.83476016568,3519.49849901069,4111.02592617875,0.816817021303174,7.19571800005757,15.2677428939943,0.0318,0.2098,730,728,248,304874368,11.7624826431274,3544.16727851897,3517.55249525905
4,0.25,5,526500,1000,500,3446.43336428794,3507.49701853353,6571.84154009224,2.00450163277443,20.8520267961409,15.1872509336977,0.03,0.188,741,736,245,1254189440,11.8463563919067,3528.4332296019,3447.04162052514
4,0.25,5,526500,1000,1000,3446.43336428794,3486.69328731242,4845.86320955121,1.90527223157866,10.9891569904486,15.4582726806644,0.03,0.186,747,740,243,1254189440,11.8463563919067,3528.4332296019,3447.04162052514
4,0.25,5,526500,1000,2500,3446.43336428794,3460.81263587087,4845.86320955121,1.15823399142274,10.9891569904486,15.531226952759,0.0292,0.1896,746,740,244,1254189440,11.8463563919067,3528.4332296019,3447.04162052514
4,0.25,5,526500,1000,5000,3446.43336428794,3452.457553976,3853.57193075593,0.873526463514597,5.72259946224186,15.55022158673,0.0284,0.1896,743,738,245,1254189440,11.8463563919067,3528.4332296019,3447.04162052514
4,0.25,5,526500,1000,10000,3446.43336428794,3452.457553976,3853.57193075593,0.873526463514597,5.72259946224186,15.5426815858112,0.0298,0.191,743,738,245,1254189440,11.8463563919067,3528.4332296019,3447.04162052514
0.25,0.5,5,551125,1000,500,4842.31740288331,4904.09758100949,6577.94429836069,2.15411827003316,16.8955703540783,15.8960578291185,0.03,0.176,499,488,489,2317489.75,11.8505401611328,4851.73906937825,4840.96072561026
0.25,0.5,5,551125,1000,1000,4842.31740288331,4882.49651476445,6577.94429836069,1.80279608789126,16.8955703540783,15.6427158105315,0.027,0.194,498,486,488,2317489.75,11.8505401611328,4851.73906937825,4840.96072561026
0.25,0.5,5,551125,1000,2500,4842.31740288331,4841.56237152483,5992.82536768716,0.744169463574811,11.7367887263903,15.5599216163732,0.0296,0.1956,500,487,487,2317489.75,11.8505401611328,4851.73906937825,4840.96072561026
0.25,0.5,5,551125,1000,5000,4842.31740288331,4841.56237152483,5139.0553620293,0.744169463574811,5.73419333761377,15.6557283928848,0.0284,0.1956,500,487,487,2317489.75,11.8505401611328,4851.73906937825,4840.96072561026
0.25,0.5,5,551125,1000,10000,4842.31740288331,4841.56237152483,5139.0553620293,0.744169463574811,5.73419333761377,15.6358659552128,0.0285,0.1925,500,487,487,2317489.75,11.8505401611328,4851.73906937825,4840.96072561026
0.5,0.5,5,551150,1000,500,4855.53102961528,4897.95466263166,7360.40286635383,1.87814405984773,26.3743220991314,15.9800505150112,0.02,0.172,495,486,491,8888916,11.7798233032227,4885.12064459556,4853.70498830043
0.5,0.5,5,551150,1000,1000,4855.53102961528,4888.74342664256,5675.72286155617,2.07662918933322,10.2041608331841,15.8493184775478,0.031,0.182,499,489,490,8888916,11.7798233032227,4885.12064459556,4853.70498830043
0.5,0.5,5,551150,1000,2500,4855.53102961528,4858.15546139025,5675.72286155617,0.770408672738118,10.2041608331841,15.6787494563957,0.032,0.1812,501,490,489,8888916,11.7798233032227,4885.12064459556,4853.70498830043
0.5,0.5,5,551150,1000,5000,4855.53102961528,4855.50182460873,5675.72286155617,0.808516809556315,10.2041608331841,15.5439696473771,0.0268,0.1862,502,491,489,8888916,11.7798233032227,4885.12064459556,4853.70498830043
0.5,0.5,5,551150,1000,10000,4855.53102961528,4855.50182460873,5579.95387199691,0.808516809556315,8.93700526859103,15.7268664813641,0.0291,0.186,502,491,489,8888916,11.7798233032227,4885.12064459556,4853.70498830043
1,0.5,5,551200,1000,500,4797.98566089781,4797.90467365257,6455.9829490621,0.645718098721286,15.8924701711216,15.7061616187797,0.042,0.202,499,489,490,38489572,12.0390634536743,4808.70815492135,4796.01919806652
1,0.5,5,551200,1000,1000,4797.98566089781,4797.90467365257,6455.9829490621,0.645718098721286,15.8924701711216,15.9523177720395,0.034,0.194,499,489,490,38489572,12.0390634536743,4808.70815492135,4796.01919806652
1,0.5,5,551200,1000,2500,4797.98566089781,4797.90467365257,6167.97111176979,0.645718098721286,13.6834471408027,15.6339882525723,0.0284,0.1924,499,489,490,38489572,12.0390634536743,4808.70815492135,4796.01919806652
1,0.5,5,551200,1000,5000,4797.98566089781,4797.90467365257,5514.04985649013,0.645718098721286,9.29772507957293,15.7649156487709,0.0298,0.1878,499,489,490,38489572,12.0390634536743,4808.70815492135,4796.01919806652
1,0.5,5,551200,1000,10000,4797.98566089781,4797.90467365257,5132.81124343393,0.645718098721286,5.73705883136159,15.7647170093638,0.0305,0.1894,499,489,490,38489572,12.0390634536743,4808.70815492135,4796.01919806652
2,0.5,5,551300,1000,500,4775.25111352632,4825.92929334022,5862.64997056886,2.93017710819657,12.0131669633688,15.8932848158076,0.04,0.214,496,483,487,157916416,11.721773147583,4790.72091860655,4773.79526069849
2,0.5,5,551300,1000,1000,4775.25111352632,4793.16071825091,5862.64997056886,1.14645308996263,12.0131669633688,15.7255269173868,0.043,0.198,499,487,488,157916416,11.721773147583,4790.72091860655,4773.79526069849
2,0.5,5,551300,1000,2500,4775.25111352632,4781.50757325149,5862.64997056886,0.503366612412893,12.0131669633688,15.6772868389302,0.0344,0.1884,500,488,488,157916416,11.721773147583,4790.72091860655,4773.79526069849
2,0.5,5,551300,1000,5000,4775.25111352632,4781.50757325149,5715.12645974234,0.503366612412893,10.5877636628541,15.5781309292502,0.0338,0.1896,500,488,488,157916416,11.721773147583,4790.72091860655,4773.79526069849
2,0.5,5,551300,1000,10000,4775.25111352632,4775.38642433372,5075.68460114957,0.252701034599162,5.65886707558584,15.6801567916014,0.0314,0.1868,503,491,488,157916416,11.721773147583,4790.72091860655,4773.79526069849
4,0.5,5,551500,1000,500,4865.87750702246,4881.55306044781,6988.64549772335,1.47527846496129,20.1423834783309,15.5957874670908,0.03,0.178,494,487,493,608826368,11.6072444915771,4875.7511348423,4862.8246502866
4,0.5,5,551500,1000,1000,4865.87750702246,4881.55306044781,6743.14900402291,1.47527846496129,17.6069504146576,16.0650313069826,0.028,0.181,494,487,493,608826368,11.6072444915771,4875.7511348423,4862.8246502866
4,0.5,5,551500,1000,2500,4865.87750702246,4881.55306044781,6156.47679780254,1.47527846496129,13.2492710460718,15.9032468708954,0.0292,0.1868,494,487,493,608826368,11.6072444915771,4875.7511348423,4862.8246502866
4,0.5,5,551500,1000,5000,4865.87750702246,4874.82692367863,5044.54715952753,0.707079508334403,5.06459720344761,15.7771521502556,0.0282,0.1908,493,487,494,608826368,11.6072444915771,4875.7511348423,4862.8246502866
4,0.5,5,551500,1000,10000,4865.87750702246,4867.62474658083,5036.90122308521,1.16129824387421,4.39971038144838,15.6722803973869,0.0281,0.1929,499,491,492,608826368,11.6072444915771,4875.7511348423,4862.8246502866
0.25,0.75,5,576125,1000,500,6301.55687083179,6316.63662256219,7211.71909132518,2.17418547365981,17.9129341387821,15.3408561320935,0.042,0.216,260,244,734,551439.6875,11.8787403106689,6316.29196448058,6301.0065201213
0.25,0.75,5,576125,1000,1000,6301.55687083179,6316.63662256219,6957.87786029981,2.17418547365981,13.4305706197073,15.5228337964946,0.033,0.201,260,244,734,551439.6875,11.8787403106689,6316.29196448058,6301.0065201213
0.25,0.75,5,576125,1000,2500,6301.55687083179,6311.87764455005,6631.90083920715,1.72959407416147,9.62094881829134,15.6136688322991,0.0324,0.1904,258,243,735,551439.6875,11.8787403106689,6316.29196448058,6301.0065201213
0.25,0.75,5,576125,1000,5000,6301.55687083179,6310.10605689451,6631.90083920715,1.45665052822809,9.62094881829134,15.7660580369749,0.0276,0.1858,258,242,734,551439.6875,11.8787403106689,6316.29196448058,6301.0065201213
0.25,0.75,5,576125,1000,10000,6301.55687083179,6302.0630819769,6570.93640140223,0.693059337600013,8.41468189581887,15.8677954762359,0.0294,0.1832,258,243,735,551439.6875,11.8787403106689,6316.29196448058,6301.0065201213
0.5,0.75,5,576150,1000,500,6296.81251417408,6306.93932019871,7054.03343923264,1.58300552278722,15.5655775393949,15.8180072232338,0.034,0.21,262,244,732,2252017.5,11.8403644561768,6312.31467327354,6294.95077644275
0.5,0.75,5,576150,1000,1000,6296.81251417408,6300.46041415299,7047.50086115976,0.978103512840849,15.6676509486328,15.895089927636,0.037,0.204,262,244,732,2252017.5,11.8403644561768,6312.31467327354,6294.95077644275
0.5,0.75,5,576150,1000,2500,6296.81251417408,6295.96465804163,7047.50086115976,0.716422351051198,15.6676509486328,15.8231304146912,0.0324,0.2052,263,245,732,2252017.5,11.8403644561768,6312.31467327354,6294.95077644275
0.5,0.75,5,576150,1000,5000,6296.81251417408,6295.96465804163,6383.70458718281,0.716422351051198,4.84777839283046,15.6540644479832,0.0322,0.1974,263,245,732,2252017.5,11.8403644561768,6312.31467327354,6294.95077644275
0.5,0.75,5,576150,1000,10000,6296.81251417408,6295.96465804163,6383.70458718281,0.716422351051198,4.84777839283046,15.8593553765191,0.0291,0.1906,263,245,732,2252017.5,11.8403644561768,6312.31467327354,6294.95077644275
1,0.75,5,576200,1000,500,6306.60567775246,6308.93892823754,7074.69355411015,1.62940643768248,15.5068930114344,15.5389840875926,0.028,0.196,256,244,738,8988033,11.8556184768677,6331.18000460928,6304.88700362394
1,0.75,5,576200,1000,1000,6306.60567775246,6308.93892823754,7074.69355411015,1.62940643768248,15.5068930114344,15.5945288447004,0.027,0.197,256,244,738,8988033,11.8556184768677,6331.18000460928,6304.88700362394
1,0.75,5,576200,1000,2500,6306.60567775246,6306.08430805102,6851.66051419816,0.591874507442005,10.9462348897561,15.6486558370196,0.0256,0.1896,259,246,737,8988033,11.8556184768677,6331.18000460928,6304.88700362394
1,0.75,5,576200,1000,5000,6306.60567775246,6306.08430805102,6696.16400460395,0.591874507442005,8.82141619745934,15.7351912922308,0.0258,0.182,259,246,737,8988033,11.8556184768677,6331.18000460928,6304.88700362394
1,0.75,5,576200,1000,10000,6306.60567775246,6306.08430805102,6696.16400460395,0.591874507442005,8.82141619745934,15.8052120950557,0.027,0.1852,259,246,737,8988033,11.8556184768677,6331.18000460928,6304.88700362394
2,0.75,5,576300,1000,500,6234.50754704778,6236.47052253485,6489.04429795941,1.07681743264288,8.07626297877466,15.5087460314393,0.024,0.174,261,244,733,41036380,11.7203054428101,6256.1896559928,6233.1144601933
2,0.75,5,576300,1000,1000,6234.50754704778,6236.47052253485,6489.04429795941,1.07681743264288,8.07626297877466,15.2734451131149,0.03,0.195,261,244,733,41036380,11.7203054428101,6256.1896559928,6233.1144601933
2,0.75,5,576300,1000,2500,6234.50754704778,6232.87914860609,6489.04429795941,0.5428306914221,8.07626297877466,15.4780746792475,0.0256,0.1904,260,244,734,41036380,11.7203054428101,6256.1896559928,6233.1144601933
2,0.75,5,576300,1000,5000,6234.50754704778,6232.87914860609,6489.04429795941,0.5428306914221,8.07626297877466,15.3307891666013,0.0294,0.201,260,244,734,41036380,11.7203054428101,6256.1896559928,6233.1144601933
2,0.75,5,576300,1000,10000,6234.50754704778,6232.87914860609,6448.7170553041,0.5428306914221,6.78540759841877,15.3372190739899,0.0315,0.2011,260,244,734,41036380,11.7203054428101,6256.1896559928,6233.1144601933
4,0.75,5,576500,1000,500,6288.16549036201,6302.31758504741,7488.19778091785,1.31761236167866,25.6614824140961,15.461159702961,0.022,0.186,258,242,734,152072608,11.9839277267456,6316.18629321288,6287.45074001872
4,0.75,5,576500,1000,1000,6288.16549036201,6302.31758504741,7485.3237613643,1.31761236167866,23.2095048563585,15.2816856378183,0.022,0.189,258,242,734,152072608,11.9839277267456,6316.18629321288,6287.45074001872
4,0.75,5,576500,1000,2500,6288.16549036201,6297.55363549302,7340.76351401148,1.87840821879013,18.898722747146,15.1922819424003,0.0268,0.198,260,243,733,152072608,11.9839277267456,6316.18629321288,6287.45074001872
4,0.75,5,576500,1000,5000,6288.16549036201,6297.55363549302,6707.22070116053,1.87840821879013,10.6660365321608,15.372978663144,0.0302,0.188,260,243,733,152072608,11.9839277267456,6316.18629321288,6287.45074001872
4,0.75,5,576500,1000,10000,6288.16549036201,6291.58435291565,6394.16745309736,0.445463099504152,4.61285048448778,15.3026754109865,0.0302,0.1958,259,243,734,152072608,11.9839277267456,6316.18629321288,6287.45074001872
0.25,0.85,5,586125,1000,500,6904.70567244426,6922.87392567866,7562.78624711748,3.60504161509835,24.2347779197066,16.1167451142271,0.022,0.164,163,147,834,182733.203125,11.8078193664551,6910.14485592581,6903.06072247846
0.25,0.85,5,586125,1000,1000,6904.70567244426,6906.98818350182,7534.94732680686,1.78419915345501,21.3005167938256,16.1281774749244,0.025,0.175,163,147,834,182733.203125,11.8078193664551,6910.14485592581,6903.06072247846
0.25,0.85,5,586125,1000,2500,6904.70567244426,6906.98818350182,7124.14758951801,1.78419915345501,9.62127722863992,16.0081218743557,0.022,0.1772,163,147,834,182733.203125,11.8078193664551,6910.14485592581,6903.06072247846
0.25,0.85,5,586125,1000,5000,6904.70567244426,6904.3641860123,7124.14758951801,1.25899293597474,9.62127722863992,16.2186754389555,0.0232,0.1676,163,147,834,182733.203125,11.8078193664551,6910.14485592581,6903.06072247846
0.25,0.85,5,586125,1000,10000,6904.70567244426,6903.24261493943,7124.14758951801,1.05028702288422,9.62127722863992,16.2440404829381,0.0258,0.172,162,147,835,182733.203125,11.8078193664551,6910.14485592581,6903.06072247846
0.5,0.85,5,586150,1000,500,6897.33824588689,6902.95084310924,7499.3555264497,2.13852165335152,18.2924996034384,15.5204907575482,0.02,0.216,162,149,837,735538.375,11.7473154067993,6901.72654628615,6894.75417858902
0.5,0.85,5,586150,1000,1000,6897.33824588689,6902.95084310924,7351.88009903008,2.13852165335152,16.0863840809813,15.8328394047564,0.023,0.198,162,149,837,735538.375,11.7473154067993,6901.72654628615,6894.75417858902
0.5,0.85,5,586150,1000,2500,6897.33824588689,6899.38599101624,7118.16463594194,1.01911188433788,9.91743676791423,15.7427301875425,0.0272,0.1904,162,148,836,735538.375,11.7473154067993,6901.72654628615,6894.75417858902
0.5,0.85,5,586150,1000,5000,6897.33824588689,6899.38599101624,7111.16773788781,1.01911188433788,9.41344034747633,15.7016014337451,0.029,0.1948,162,148,836,735538.375,11.7473154067993,6901.72654628615,6894.75417858902
0.5,0.85,5,586150,1000,10000,6897.33824588689,6898.31508508566,6996.14654030197,1.47501973963438,6.73967691242341,15.7392364161395,0.0297,0.1895,162,149,837,735538.375,11.7473154067993,6901.72654628615,6894.75417858902
1,0.85,5,586200,1000,500,6835.60778515739,6841.77284025035,7350.99642994016,1.17076443733798,14.7765265590588,15.7334843374991,0.034,0.174,166,147,831,3440167.25,11.9904651641846,6842.00287496564,6835.15184055266
1,0.85,5,586200,1000,1000,6835.60778515739,6835.01810831787,7350.99642994016,0.291876236415703,14.7765265590588,15.8177295072231,0.03,0.173,166,147,831,3440167.25,11.9904651641846,6842.00287496564,6835.15184055266
1,0.85,5,586200,1000,2500,6835.60778515739,6835.01810831787,7259.86056699483,0.291876236415703,13.2084073061424,15.9942087485166,0.0324,0.1844,166,147,831,3440167.25,11.9904651641846,6842.00287496564,6835.15184055266
1,0.85,5,586200,1000,5000,6835.60778515739,6835.01810831787,7153.69422796727,0.291876236415703,10.9291719920151,15.8055431291046,0.0314,0.1892,166,147,831,3440167.25,11.9904651641846,6842.00287496564,6835.15184055266
1,0.85,5,586200,1000,10000,6835.60778515739,6835.01810831787,6924.64421062651,0.291876236415703,6.2560675080642,15.8054622515891,0.0303,0.1914,166,147,831,3440167.25,11.9904651641846,6842.00287496564,6835.15184055266
2,0.85,5,586300,1000,500,6905.94416760854,6894.98232363639,7602.8042677304,2.20809141799958,31.1657648982484,15.0223438204006,0.052,0.246,159,142,833,12490180,11.6298751831055,6902.52415561749,6894.3622910236
2,0.85,5,586300,1000,1000,6905.94416760854,6894.98232363639,7197.06188159809,2.20809141799958,13.2350929412073,15.1697606203431,0.041,0.222,159,142,833,12490180,11.6298751831055,6902.52415561749,6894.3622910236
2,0.85,5,586300,1000,2500,6905.94416760854,6894.98232363639,7197.06188159809,2.20809141799958,13.2350929412073,15.5411716093843,0.0336,0.2136,159,142,833,12490180,11.6298751831055,6902.52415561749,6894.3622910236
2,0.85,5,586300,1000,5000,6905.94416760854,6894.95659913555,7078.35824504839,2.47675488386679,10.6078813256296,15.4588597290109,0.0306,0.1998,159,142,833,12490180,11.6298751831055,6902.52415561749,6894.3622910236
2,0.85,5,586300,1000,10000,6905.94416760854,6894.95659913555,6899.99345744017,2.47675488386679,1.6028018295767,15.5341626885195,0.0304,0.1959,159,142,833,12490180,11.6298751831055,6902.52415561749,6894.3622910236
4,0.85,5,586500,1000,500,6862.98859500718,6868.51576004486,7301.23120898864,2.80675084965045,14.7272445753231,15.6993526971217,0.022,0.16,167,148,831,53976904,12.2116212844849,6873.37127995441,6858.8857548689
4,0.85,5,586500,1000,1000,6862.98859500718,6868.51576004486,7301.23120898864,2.80675084965045,14.7272445753231,15.8468592504273,0.023,0.179,167,148,831,53976904,12.2116212844849,6873.37127995441,6858.8857548689
4,0.85,5,586500,1000,2500,6862.98859500718,6862.31994801812,7166.68796659036,1.85755225676794,12.2686999373932,15.7694542285307,0.0252,0.1836,169,149,830,53976904,12.2116212844849,6873.37127995441,6858.8857548689
4,0.85,5,586500,1000,5000,6862.98859500718,6862.31994801812,6970.07475648224,1.85755225676794,6.63018901233682,15.7992502431031,0.0258,0.1848,169,149,830,53976904,12.2116212844849,6873.37127995441,6858.8857548689
4,0.85,5,586500,1000,10000,6862.98859500718,6860.00850538097,6957.15793534519,1.01541093142141,5.59599894750613,15.6825992983252,0.0283,0.1926,168,148,830,53976904,12.2116212844849,6873.37127995441,6858.8857548689
